Project,Species,PacBio?,10x?,HiC-Arima2?,HiC-Dovetail?,HiC-Qiagen?,Primary Assembly?
lepidoptera,Nymphalis_polychloros,Yes,Yes,Yes,No,No,Yes
lepidoptera,Phlogophora_meticulosa,Yes,Yes,No,No,No,Yes
lepidoptera,Biston_betularia,Yes,Yes,Yes,No,No,Yes
lepidoptera,Erynnis_tages,Yes,Yes,No,No,No,Yes
lepidoptera,Aporia_crataegi,Yes,Yes,Yes,No,No,Yes
lepidoptera,Amphipyra_tragopoginis,Yes,Yes,No,No,No,Yes
lepidoptera,Xestia_xanthographa,Yes,Yes,No,No,No,Yes
lepidoptera,Pheosia_tremula,Yes,Yes,Yes,No,No,Yes
lepidoptera,Tinea_trinotella,Yes,Yes,Yes,No,No,Yes
lepidoptera,Nymphalis_urticae,Yes,Yes,No,No,No,Yes
lepidoptera,Pieris_brassicae,Yes,Yes,No,No,Yes,Yes
lepidoptera,Ptilodon_capucinus,Yes,Yes,Yes,No,No,Yes
lepidoptera,Apotomis_turbidana,Yes,Yes,Yes,No,No,Yes
lepidoptera,Habrosyne_pyritoides,Yes,Yes,Yes,No,No,Yes
lepidoptera,Anthocharis_cardamines,Yes,Yes,No,No,Yes,Yes
lepidoptera,Noctua_fimbriata,Yes,Yes,Yes,No,No,Yes
lepidoptera,Vanessa_atalanta,Yes,Yes,No,No,No,Yes
lepidoptera,Eilema_depressum,Yes,Yes,Yes,No,No,Yes
lepidoptera,Mimas_tiliae,Yes,Yes,Yes,No,No,Yes
lepidoptera,Omphaloscelis_lunosa,Yes,Yes,Yes,No,No,Yes
lepidoptera,Hydraecia_micacea,Yes,Yes,Yes,No,No,Yes
lepidoptera,Aphantopus_hyperantus,Yes,Yes,No,No,No,No
lepidoptera,Manduca_sexta,No,No,No,No,No,No
lepidoptera,Hesperia_comma,Yes,Yes,Yes,No,No,Yes
lepidoptera,Campaea_margaritaria,Yes,Yes,Yes,No,No,Yes
lepidoptera,Eueides_isabella,No,No,No,No,No,No
lepidoptera,Lymantria_monacha,Yes,Yes,No,No,Yes,Yes
lepidoptera,Mesoligia_furuncula,Yes,Yes,Yes,No,No,Yes
lepidoptera,Dryas_iulia_moderata,No,No,No,No,No,No
lepidoptera,Maniola_jurtina,Yes,Yes,No,No,Yes,Yes
lepidoptera,Colias_croceus,Yes,Yes,Yes,No,No,Yes
lepidoptera,Agrochola_circellaris,Yes,Yes,Yes,No,No,Yes
lepidoptera,Hylaea_fasciaria,Yes,Yes,Yes,No,No,Yes
lepidoptera,Ypsolopha_scabrella,Yes,Yes,Yes,No,No,Yes
lepidoptera,Blastobasis_lacticolella,Yes,Yes,No,No,No,Yes
lepidoptera,Vanessa_cardui,Yes,Yes,No,No,No,Yes
lepidoptera,Griposia_aprilina,Yes,Yes,Yes,No,No,Yes
lepidoptera,Spodoptera_litura,No,No,No,No,No,No
lepidoptera,Blastobasis_adustella,Yes,Yes,Yes,No,No,Yes
lepidoptera,Mellicta_athalia,Yes,Yes,No,No,No,Yes
lepidoptera,Xestia_c-nigrum,Yes,Yes,Yes,No,No,Yes
lepidoptera,Limenitis_camilla,Yes,Yes,No,No,No,Yes
lepidoptera,Eilema_sororcula,Yes,Yes,Yes,No,No,Yes
lepidoptera,Ephestia_elutella,No,No,No,No,No,No
lepidoptera,Carcina_quercana,Yes,Yes,Yes,No,No,Yes
lepidoptera,Inachis_io,Yes,Yes,No,No,No,Yes
lepidoptera,Erannis_defoliaria,Yes,Yes,No,No,No,Yes
lepidoptera,Clostera_curtula,Yes,Yes,Yes,No,No,Yes
lepidoptera,Orgyia_antiqua,Yes,Yes,Yes,No,No,Yes
lepidoptera,Notodonta_dromedarius,Yes,Yes,No,No,No,Yes
lepidoptera,Zeuzera_pyrina,Yes,Yes,Yes,No,No,Yes
lepidoptera,Autographa_pulchrina,Yes,Yes,Yes,No,No,Yes
lepidoptera,Notocelia_uddmanniana,Yes,Yes,No,No,Yes,Yes
lepidoptera,Parapoynx_stratiotata,Yes,Yes,Yes,No,No,Yes
lepidoptera,Lycaena_phlaeas,Yes,Yes,Yes,No,No,Yes
lepidoptera,Zerene_cesonia,No,No,No,No,No,No
lepidoptera,Phalera_bucephala,Yes,Yes,No,No,Yes,No
lepidoptera,Mythimna_impura,Yes,Yes,No,No,Yes,Yes
lepidoptera,Ochropleura_plecta,Yes,Yes,Yes,No,No,Yes
lepidoptera,Hydriomena_furcata,Yes,Yes,Yes,No,No,Yes
lepidoptera,Furcula_furcula,Yes,Yes,Yes,No,No,Yes
lepidoptera,Carposina_sasakii,No,No,No,No,No,No
lepidoptera,Ectropis_grisescens,No,No,No,No,No,No
lepidoptera,Bombyx_mori,No,No,No,No,No,No
lepidoptera,Plebejus_argus,Yes,Yes,No,No,No,Yes
lepidoptera,Pammene_fasciana,Yes,Yes,Yes,No,No,Yes
lepidoptera,Idaea_aversata,Yes,Yes,Yes,No,No,Yes
lepidoptera,Laspeyria_flexula,Yes,Yes,No,No,No,Yes
lepidoptera,Abrostola_tripartita,Yes,Yes,Yes,No,No,Yes
lepidoptera,Craniophora_ligustri,Yes,Yes,Yes,No,No,Yes
lepidoptera,Emmelina_monodactyla,Yes,Yes,Yes,No,No,Yes
lepidoptera,Ennomos_quercinarius,Yes,Yes,Yes,No,No,Yes
lepidoptera,Cyaniris_semiargus,Yes,Yes,No,No,No,Yes
lepidoptera,Lysandra_coridon,Yes,Yes,Yes,No,No,Yes
lepidoptera,Euproctis_similis,Yes,Yes,No,No,Yes,Yes
lepidoptera,Apamea_monoglypha,Yes,Yes,Yes,No,No,Yes
lepidoptera,Mythimna_ferrago,Yes,Yes,Yes,No,No,Yes
lepidoptera,Schrankia_costaestrigalis,Yes,Yes,Yes,No,No,Yes
lepidoptera,Chrysoteuchia_culmella,Yes,Yes,Yes,No,No,Yes
lepidoptera,Spodoptera_frugiperda,No,No,No,No,No,No
lepidoptera,Mamestra_brassicae,Yes,Yes,Yes,No,No,Yes
lepidoptera,Endotricha_flammealis,Yes,Yes,No,No,No,Yes
lepidoptera,Thyatira_batis,Yes,Yes,No,No,No,Yes
lepidoptera,Lysandra_bellargus,Yes,Yes,Yes,No,No,Yes
lepidoptera,Pieris_napi,Yes,Yes,No,No,No,Yes
lepidoptera,Hemaris_fuciformis,Yes,Yes,No,No,No,No
lepidoptera,Cnaphalocrocis_exigua,No,No,No,No,No,No
lepidoptera,Bembecia_ichneumoniformis,Yes,Yes,Yes,No,No,Yes
lepidoptera,Danaus_plexippus_plexippus,No,No,No,No,No,No
lepidoptera,Erebia_ligea,Yes,Yes,No,No,No,Yes
lepidoptera,Amphipyra_berbera,Yes,Yes,Yes,No,No,Yes
lepidoptera,Agriopis_aurantiaria,Yes,Yes,Yes,No,No,Yes
lepidoptera,Ochlodes_sylvanus,Yes,Yes,Yes,No,No,Yes
lepidoptera,Zygaena_filipendulae,Yes,Yes,Yes,No,No,Yes
lepidoptera,Dendrolimus_punctatus,No,No,No,No,No,No
lepidoptera,Hypena_proboscidalis,Yes,Yes,No,No,Yes,Yes
lepidoptera,Noctua_janthe,Yes,Yes,Yes,No,No,Yes
lepidoptera,Pheosia_gnoma,Yes,Yes,Yes,No,No,Yes
lepidoptera,Cnaphalocrocis_medinalis,No,No,No,No,No,No
lepidoptera,Glaucopsyche_alexis,Yes,Yes,Yes,No,No,Yes
lepidoptera,Autographa_gamma,Yes,Yes,No,No,Yes,Yes
lepidoptera,Acronicta_aceris,Yes,Yes,Yes,No,No,Yes
lepidoptera,Dendrolimus_kikuchii,No,No,No,No,No,No
lepidoptera,Thymelicus_sylvestris,Yes,Yes,Yes,No,Yes,Yes
lepidoptera,Laothoe_populi,Yes,Yes,Yes,No,No,Yes
lepidoptera,Peribatodes_rhomboidaria,Yes,Yes,Yes,No,No,Yes
lepidoptera,Fabriciana_adippe,Yes,Yes,Yes,No,No,Yes
lepidoptera,Leptidea_sinapis,Yes,Yes,Yes,No,No,Yes
lepidoptera,Ennomos_fuscantarius,Yes,Yes,Yes,No,No,Yes
lepidoptera,Melitaea_cinxia,Yes,Yes,Yes,No,No,Yes
lepidoptera,Spilosoma_lubricipeda,Yes,Yes,Yes,No,No,Yes
lepidoptera,Deilephila_porcellus,Yes,Yes,Yes,No,No,Yes
lepidoptera,Celastrina_argiolus,Yes,Yes,No,No,No,Yes
lepidoptera,Tinea_semifulvella,Yes,Yes,Yes,No,No,Yes
lepidoptera,Hedya_salicella,Yes,Yes,Yes,No,No,Yes
lepidoptera,Eupsilia_transversa,Yes,Yes,Yes,No,No,Yes
lepidoptera,Aricia_agestis,Yes,Yes,No,No,No,Yes
lepidoptera,Noctua_pronuba,Yes,Yes,Yes,No,No,Yes
lepidoptera,Boloria_selene,Yes,Yes,Yes,No,No,Yes
lepidoptera,Pararge_aegeria,Yes,Yes,No,No,No,Yes
lepidoptera,Pyrgus_malvae,Yes,Yes,Yes,No,Yes,Yes
lepidoptera,Cydia_splendana,Yes,Yes,Yes,No,No,Yes
lepidoptera,Hecatera_dysodea,Yes,Yes,Yes,No,No,Yes
lepidoptera,Crocallis_elinguaria,Yes,Yes,Yes,No,No,Yes
lepidoptera,Spodoptera_exigua,No,No,No,No,No,No
lepidoptera,Sesia_apiformis,Yes,Yes,Yes,No,No,Yes
lepidoptera,Cosmia_trapezina,Yes,Yes,No,No,No,Yes
lepidoptera,Spilarctia_lutea,Yes,Yes,Yes,No,No,Yes
lepidoptera,Atethmia_centrago,Yes,Yes,Yes,No,No,Yes
25g,Scyliorhinus_canicula,Yes,Yes,No,No,No,No
25g,Arthurdendyus_triangulatus,Yes,Yes,No,No,No,No
25g,Salmo_trutta,Yes,Yes,No,No,No,No
25g,Asterias_rubens,Yes,No,No,Yes,No,No
25g,Pecten_maximus,Yes,Yes,No,No,No,No
25g,Aphantopus_hyperantus,Yes,Yes,No,No,No,No
25g,Osmia_bicornis,Yes,Yes,No,No,No,No
25g,Hemaris_fuciformis,Yes,Yes,No,No,No,No
25g,Vespa_velutina,Yes,Yes,No,No,No,No
25g,Roeseliana_roeselii,Yes,Yes,Yes,No,No,No
25g,Brachyptera_putata,Yes,Yes,No,No,No,No
25g,Plagiochila_carringtonii,Yes,Yes,No,No,No,No
25g,Jacobaea_vulgaris,Yes,Yes,No,No,No,No
25g,Impatiens_glandulifera,Yes,Yes,Yes,No,No,No
25g,Rubus_ulmifolius,No,Yes,No,No,No,No
25g,Rubus_argutus,No,Yes,No,No,No,No
25g,Senecio_squalidus,Yes,Yes,No,Yes,No,No
25g,Heracleum_mantegazzianum,Yes,Yes,No,No,No,No
25g,Dolomedes_plantarius,Yes,Yes,No,No,No,No
25g,Streptopelia_turtur,Yes,Yes,No,No,No,No
25g,Erithacus_rubecula,Yes,Yes,No,Yes,No,No
25g,Aquila_chrysaetos_chrysaetos,Yes,Yes,No,Yes,No,No
25g,Lutra_lutra,Yes,Yes,No,No,No,No
25g,Sciurus_carolinensis,Yes,Yes,No,Yes,No,No
25g,Arvicola_amphibius,Yes,Yes,No,Yes,No,No
25g,Sciurus_vulgaris,Yes,Yes,No,No,No,No
25g,Pipistrellus_pipistrellus,Yes,Yes,No,Yes,No,No
asg,Galaxea_fascicularis,Yes,Yes,No,No,No,Yes
asg,Blastomussa_wellsi,No,No,Yes,No,No,No
asg,Condylactis_gigantea,No,No,Yes,No,No,No
asg,Ricordea_florida,Yes,No,No,No,No,No
asg,Cassiopea_frondosa,No,No,Yes,No,No,No
asg,Sycon_coactum,No,Yes,No,No,No,No
asg,Halisarca_caerulea,Yes,Yes,Yes,No,No,Yes
asg,Rhabdocalyptus_dawsoni,No,Yes,No,No,No,No
asg,Stryphnus_fortis,Yes,Yes,No,No,No,No
asg,Cliona_delitrix,No,No,Yes,No,No,No
asg,Spongia_officinalis,No,No,Yes,No,No,No
asg,Cinachyrella_alloclada,Yes,No,No,No,No,No
asg,Geodia_parva,No,Yes,No,No,No,No
asg,Xestospongia_muta,Yes,No,No,No,No,No
asg,Eunapius_fragilis,Yes,Yes,No,No,No,No
asg,Spongilla_lacustris,Yes,Yes,Yes,No,No,Yes
asg,Symbiodinium_sp._D2,No,No,Yes,No,No,No
asg,Cladocopium_goreaui,No,No,Yes,No,No,No
asg,Freudenthalidium_heronense,No,No,Yes,No,No,No
asg,Freudenthalidium_endolithicum,Yes,No,Yes,No,No,No
asg,Effrenium_voratum,No,No,Yes,No,No,No
asg,Gerakladium_sp._JEP-2021,No,No,Yes,No,No,No
asg,Symbiodinium_sp._A4,No,No,Yes,No,No,No
asg,Rhynchopus_sp._YZ270_cl-10,No,No,Yes,No,No,No
asg,Halluxium_pauxillum,No,No,Yes,No,No,No
asg,Symbiodinium_pilosum,Yes,No,Yes,No,No,No
asg,Eutreptiella_sp._‘Long_Island_Sound_2002’,Yes,No,Yes,No,No,No
asg,Rhynchopus_humris,No,No,Yes,No,No,No
asg,Fugacium_kawagutii,No,No,Yes,No,No,No
asg,Cladocopium_sp._C1,No,No,Yes,No,No,No
asg,Prorocentrum_donghaiense,No,No,Yes,No,No,No
asg,Breviolum_psygmophilum,No,No,Yes,No,No,No
asg,Pyrosoma_atlanticum,No,No,Yes,No,No,No
asg,Siboglinum_fiordicum,No,No,Yes,No,No,No
vgp,Scyliorhinus_canicula,Yes,Yes,No,No,No,No
vgp,Parambassis_ranga,Yes,Yes,No,No,No,No
vgp,Sphaeramia_orbicularis,Yes,Yes,No,No,No,No
vgp,Gadus_morhua,Yes,Yes,No,No,No,No
vgp,Acipenser_ruthenus,Yes,Yes,No,Yes,No,Yes
vgp,Salarias_fasciatus,Yes,Yes,No,Yes,No,No
vgp,Thunnus_maccoyii,Yes,Yes,Yes,No,No,Yes
vgp,Borostomias_antarcticus,Yes,No,Yes,No,No,Yes
vgp,Poromitra_crassiceps,No,No,Yes,No,No,No
vgp,Acanthurus_nigricans,No,No,No,No,No,No
vgp,Taurulus_bubalis,Yes,Yes,Yes,No,No,Yes
vgp,Thalassophryne_amazonica,Yes,Yes,No,No,No,No
vgp,Anabas_testudineus,Yes,Yes,No,No,No,No
vgp,Chanos_chanos,Yes,Yes,No,Yes,No,No
vgp,Electrona_antarctica,Yes,No,Yes,No,No,No
vgp,Syngnathus_acus,Yes,Yes,No,Yes,No,No
vgp,Cottoperca_gobio,No,No,No,No,No,No
vgp,Harpagifer_antarcticus,Yes,No,Yes,No,No,No
vgp,Pholis_gunnellus,Yes,Yes,Yes,No,No,Yes
vgp,Nansenia_antarctica,No,No,Yes,No,No,No
vgp,Stomias_boa,No,No,Yes,No,No,No
vgp,Zeus_faber,Yes,Yes,No,No,No,No
vgp,Scleropages_formosus,Yes,Yes,No,No,No,No
vgp,Erpetoichthys_calabaricus,Yes,Yes,No,No,No,No
vgp,Pholidichthys_leucotaenia,No,No,No,No,No,No
vgp,Scatophagus_argus,No,No,No,No,No,No
vgp,Betta_splendens,No,No,No,No,No,No
vgp,Salmo_trutta,Yes,Yes,No,No,No,No
vgp,Echeneis_naucrates,Yes,Yes,No,Yes,No,No
vgp,Myripristis_murdjan,Yes,Yes,No,No,No,No
vgp,Mastacembelus_armatus,Yes,Yes,No,No,No,No
vgp,Sparus_aurata,Yes,Yes,No,No,No,No
vgp,Barbus_barbus,Yes,No,No,No,No,Yes
vgp,Lipophrys_pholis,Yes,Yes,Yes,No,No,No
vgp,Malacosteus_niger,Yes,Yes,No,No,No,No
vgp,Gouania_willdenowi,Yes,Yes,No,No,No,No
vgp,Thunnus_albacares,Yes,Yes,Yes,No,No,Yes
vgp,Astatotilapia_calliptera,No,No,No,No,No,No
vgp,Denticeps_clupeoides,Yes,Yes,No,No,No,No
vgp,Takifugu_rubripes,Yes,Yes,No,No,No,No
vgp,Telmatherina_bonti,Yes,No,No,No,No,Yes
vgp,Danio_rerio,No,No,No,No,No,No
vgp,Trachurus_trachurus,Yes,Yes,No,No,No,No
vgp,Notolepis_coatsi,No,No,Yes,No,No,No
vgp,Asterias_rubens,Yes,No,No,Yes,No,No
vgp,Saccoglossus_kowalevskii,No,No,Yes,No,No,No
vgp,Streptopelia_turtur,Yes,Yes,No,No,No,No
vgp,Erithacus_rubecula,Yes,Yes,No,Yes,No,No
vgp,Caprimulgus_europaeus,Yes,Yes,Yes,No,No,No
vgp,Aquila_chrysaetos_chrysaetos,Yes,Yes,No,Yes,No,No
vgp,Lutra_lutra,Yes,Yes,No,No,No,No
vgp,Sciurus_carolinensis,Yes,Yes,No,Yes,No,No
vgp,Arvicola_amphibius,Yes,Yes,No,Yes,No,No
vgp,Sciurus_vulgaris,Yes,Yes,No,No,No,No
vgp,Cervus_elaphus,Yes,Yes,Yes,No,No,Yes
vgp,Acomys_russatus,No,No,No,No,No,No
vgp,Meles_meles,Yes,Yes,Yes,No,No,Yes
vgp,Canis_lupus,Yes,Yes,No,Yes,No,Yes
vgp,Onychomys_torridus,No,No,No,No,No,No
vgp,Rattus_norvegicus,Yes,Yes,No,No,No,No
vgp,Pipistrellus_pipistrellus,Yes,Yes,No,Yes,No,No
vgp,Geotrypetes_seraphini,Yes,Yes,No,Yes,No,No
vgp,Rana_temporaria,Yes,Yes,No,Yes,No,No
vgp,Microcaecilia_unicolor,Yes,Yes,No,No,No,No
vgp,Bufo_bufo,Yes,Yes,No,Yes,No,No
vgp,Rhinatrema_bivittatum,Yes,Yes,No,No,No,No
darwin,Actinia_equina,No,No,Yes,No,No,No
darwin,Metridium_senile,No,No,Yes,No,No,No
darwin,Cyanea_capillata,No,No,Yes,No,No,No
darwin,Anemonia_viridis,No,No,Yes,No,No,No
darwin,Nematostella_vectensis,Yes,No,Yes,No,No,Yes
darwin,Diadumene_lineata,Yes,Yes,Yes,No,No,Yes
darwin,Urticina_felina,No,No,Yes,No,No,No
darwin,Actinia_fragacea,Yes,No,Yes,No,No,No
darwin,Haliclystus_octoradiatus,Yes,Yes,Yes,No,No,Yes
darwin,Scyliorhinus_canicula,Yes,Yes,No,No,No,No
darwin,Trichoderma_pseudokoningii,Yes,No,Yes,No,No,Yes
darwin,Mucor_piriformis,Yes,No,Yes,No,No,Yes
darwin,Agaricus_bisporus,Yes,No,No,No,No,Yes
darwin,Cladonia_squamosa,Yes,No,Yes,No,No,No
darwin,Leucocybe_candicans,Yes,No,Yes,No,No,No
darwin,Metschnikowia_zobellii,Yes,Yes,Yes,No,No,Yes
darwin,Armillaria_gallica,Yes,No,No,No,No,Yes
darwin,Laetiporus_sulphureus,Yes,Yes,Yes,No,No,Yes
darwin,Platismatia_glauca,Yes,No,Yes,No,No,No
darwin,Pleurotus_ostreatus,Yes,No,No,No,No,Yes
darwin,Epicoccum_nigrum,Yes,No,Yes,No,No,No
darwin,Paradendryphiella_salina,No,No,Yes,No,No,No
darwin,Hericium_coralloides,Yes,No,No,No,No,No
darwin,Pleurotus_eryngii,Yes,No,Yes,No,No,No
darwin,Polycelis_tenuis,No,No,Yes,No,No,No
darwin,Sycon_ciliatum,No,Yes,No,No,No,No
darwin,Taurulus_bubalis,Yes,Yes,Yes,No,No,Yes
darwin,Pholis_gunnellus,Yes,Yes,Yes,No,No,Yes
darwin,Salmo_trutta,Yes,Yes,No,No,No,No
darwin,Barbus_barbus,Yes,No,No,No,No,Yes
darwin,Lipophrys_pholis,Yes,Yes,Yes,No,No,No
darwin,Malacosteus_niger,Yes,Yes,No,No,No,No
darwin,Trachurus_trachurus,Yes,Yes,No,No,No,No
darwin,Eimeria_maxima,Yes,Yes,No,No,No,No
darwin,Euglenaria_anabaena,Yes,No,Yes,No,No,No
darwin,Alexandrium_tamutum,No,No,Yes,No,No,No
darwin,Pleurochrysis_sp.,No,No,Yes,No,No,No
darwin,Tetramitus_jugosus,Yes,No,No,No,No,Yes
darwin,Prorocentrum_lima,No,No,Yes,No,No,No
darwin,Thecamonas_oxoniensis,No,No,Yes,No,No,No
darwin,Colpoda_steinii,Yes,No,No,No,No,Yes
darwin,Eimeria_tenella,Yes,Yes,No,No,No,No
darwin,Ophiocomina_nigra,Yes,No,Yes,No,No,No
darwin,Ophiura_albida,Yes,No,Yes,No,No,No
darwin,Asterina_gibbosa,No,No,Yes,No,No,No
darwin,Asterias_rubens,Yes,No,No,Yes,No,No
darwin,Psammechinus_miliaris,No,Yes,Yes,No,No,No
darwin,Echinus_esculentus,Yes,Yes,Yes,No,No,No
darwin,Ophiopholis_aculeata,Yes,Yes,Yes,No,No,No
darwin,Marthasterias_glacialis,Yes,Yes,Yes,No,No,Yes
darwin,Antedon_bifida,Yes,No,Yes,No,No,Yes
darwin,Ophiothrix_fragilis,No,No,Yes,No,No,No
darwin,Heligmosomoides_polygyrus,No,No,Yes,No,No,No
darwin,Dioctophyme_renale,Yes,No,No,No,No,Yes
darwin,Arum_maculatum,Yes,No,Yes,No,No,No
darwin,Colchicum_autumnale,Yes,No,No,No,No,No
darwin,Sparganium_erectum,No,No,Yes,No,No,No
darwin,Dactylis_glomerata,No,No,Yes,No,No,No
darwin,Anacamptis_pyramidalis,No,No,Yes,No,No,No
darwin,Carex_depauperata,Yes,No,Yes,No,No,Yes
darwin,Oreojuncus_trifidus,Yes,No,Yes,No,No,No
darwin,Holcus_lanatus,No,No,Yes,No,No,No
darwin,Alisma_plantago-aquatica,No,No,Yes,No,No,No
darwin,Danthonia_decumbens,Yes,Yes,No,No,No,Yes
darwin,Allium_ampeloprasum,Yes,No,No,No,No,No
darwin,Allium_schoenoprasum,No,No,Yes,No,No,No
darwin,Carex_rostrata,Yes,No,Yes,No,No,No
darwin,Allium_triquetrum,Yes,No,No,No,No,No
darwin,Briza_media,Yes,No,No,No,No,No
darwin,Schoenoplectus_lacustris,Yes,No,Yes,No,No,Yes
darwin,Hierochloe_odorata,Yes,No,No,No,No,No
darwin,Carex_pendula,Yes,No,No,No,No,No
darwin,Narcissus_pseudonarcissus,Yes,No,Yes,No,No,No
darwin,Brachypodium_sylvaticum,No,No,Yes,No,No,No
darwin,Typha_latifolia,Yes,Yes,Yes,No,No,No
darwin,Holcus_mollis,Yes,Yes,No,No,No,No
darwin,Aponogeton_distachyos,Yes,No,No,No,No,No
darwin,Butomus_umbellatus,Yes,Yes,Yes,No,No,No
darwin,Leymus_arenarius,Yes,No,Yes,No,No,No
darwin,Pontederia_cordata,No,No,Yes,No,No,No
darwin,Carex_nigra,Yes,No,Yes,No,No,No
darwin,Bromus_sterilis,Yes,No,No,No,No,No
darwin,Schoenoplectus_triqueter,No,No,Yes,No,No,No
darwin,Juncus_effusus,Yes,Yes,Yes,No,No,Yes
darwin,Carex_bigelowii,No,No,Yes,No,No,No
darwin,Luzula_sylvatica,Yes,No,Yes,No,No,No
darwin,Dactylorhiza_fuchsii,No,No,Yes,No,No,No
darwin,Cephalanthera_damasonium,No,No,Yes,No,No,No
darwin,Iris_pseudacorus,Yes,Yes,Yes,No,No,No
darwin,Hordeum_murinum,No,No,Yes,No,No,No
darwin,Dioscorea_communis,No,Yes,Yes,No,No,No
darwin,Nymphalis_urticae,Yes,Yes,No,No,No,Yes
darwin,Pieris_rapae,Yes,Yes,No,No,No,Yes
darwin,Ocypus_olens,Yes,Yes,Yes,No,No,Yes
darwin,Metschnikowia_zobellii,Yes,Yes,Yes,No,No,Yes
darwin,Dunaliella_primolecta,Yes,Yes,Yes,No,No,Yes
darwin,Teleogryllus_oceanicus,Yes,Yes,Yes,No,No,Yes
darwin,Meles_meles,Yes,Yes,Yes,No,No,Yes
darwin,Thyatira_batis,Yes,Yes,No,No,No,Yes
darwin,Episyrphus_balteatus,Yes,Yes,Yes,No,No,Yes
darwin,Rattus_norvegicus,Yes,Yes,Yes,No,No,No
darwin,Autographa_gamma,Yes,Yes,No,No,Yes,Yes
darwin,Physella_acuta,Yes,Yes,No,No,No,No
darwin,Homo_sapiens,Yes,No,No,No,No,No
darwin,Mus_musculus,Yes,No,No,No,No,No
darwin,Quercus_robur,Yes,Yes,Yes,No,No,Yes
darwin,Brachiomonas_submarina,Yes,Yes,Yes,No,No,Yes
darwin,Adalia_bipunctata,Yes,Yes,Yes,No,No,Yes
darwin,Biomphalaria_glabrata,Yes,No,Yes,No,No,No
darwin,Anopheles_coluzzii,No,No,No,No,No,No
darwin,Danio_rerio,Yes,Yes,Yes,No,No,Yes
darwin,Cosmia_trapezina,Yes,Yes,No,No,No,Yes
darwin,Pseudopediastrum_boryanum,No,No,Yes,No,No,No
darwin,Coscinodiscus_radiatus,No,No,Yes,No,No,No
darwin,Plocamium_cartilagineum,No,Yes,No,No,No,No
darwin,Vertebrata_lanosa,No,Yes,No,No,No,No
darwin,Calliblepharis_jubata,Yes,No,No,No,No,No
darwin,Osmundea_osmunda,No,Yes,No,No,No,No
darwin,Ulva_laetevirens,No,Yes,No,No,No,No
darwin,Palmaria_palmata,Yes,Yes,No,No,No,No
darwin,Caulacanthus_okamurae,No,Yes,No,No,No,No
darwin,Chaetoceros_curvisetus,Yes,No,No,No,No,No
darwin,Fucus_serratus,No,Yes,No,No,No,No
darwin,Pelvetia_canaliculata,Yes,No,No,No,No,No
darwin,Chloroidium_saccharophilum,Yes,No,No,No,No,No
darwin,Halidrys_siliquosa,Yes,Yes,No,No,No,No
darwin,Pycnococcus_provasolii,Yes,No,Yes,No,No,Yes
darwin,Microglena_redcarensis,No,No,Yes,No,No,No
darwin,Chrysotila_carterae,Yes,Yes,No,No,No,No
darwin,Fucus_spiralis,No,Yes,No,No,No,No
darwin,Dunaliella_primolecta,Yes,Yes,Yes,No,No,Yes
darwin,Saccharina_latissima,No,Yes,No,No,No,No
darwin,Rhodomonas_baltica,Yes,No,Yes,No,No,No
darwin,Diacronema_lutheri,Yes,Yes,No,No,No,No
darwin,Chondria_scintillans,No,Yes,No,No,No,No
darwin,Ulva_intestinalis,No,Yes,No,No,No,No
darwin,Metacallophyllis_laciniata,Yes,Yes,No,No,No,No
darwin,Chondrus_crispus,Yes,Yes,Yes,No,No,No
darwin,Lomentaria_articulata,No,Yes,No,No,No,No
darwin,Tetraselmis_chuii,Yes,Yes,Yes,No,No,No
darwin,Rhodella_violacea,No,Yes,No,No,No,No
darwin,Brachiomonas_submarina,Yes,Yes,Yes,No,No,Yes
darwin,Melanothamnus_harveyi,No,Yes,No,No,No,No
darwin,Ceramium_secundatum,Yes,No,No,No,No,No
darwin,Ulva_lactuca,No,Yes,No,No,No,No
darwin,Carpodesmia_tamariscifolia,Yes,Yes,No,No,No,No
darwin,Hydrodictyon_reticulatum,Yes,Yes,No,No,No,No
darwin,Littorina_fabalis,No,No,Yes,No,No,No
darwin,Xeroplexa_intersecta,Yes,Yes,No,No,No,No
darwin,Testudinalia_testudinalis,Yes,Yes,No,No,No,No
darwin,Anisus_vortex,Yes,Yes,No,No,No,No
darwin,Doris_pseudoargus,Yes,Yes,Yes,No,No,No
darwin,Cornu_aspersum,Yes,Yes,No,No,No,No
darwin,Arianta_arbustorum,No,No,Yes,No,No,No
darwin,Cerastoderma_glaucum,No,Yes,No,No,No,No
darwin,Patella_depressa,Yes,Yes,Yes,No,No,No
darwin,Theodoxus_fluviatilis,Yes,Yes,No,No,No,No
darwin,Spisula_solida,Yes,Yes,Yes,No,No,No
darwin,Nucella_lapillus,Yes,Yes,Yes,No,No,No
darwin,Valvata_cristata,No,No,Yes,No,No,No
darwin,Aplysia_punctata,No,No,Yes,No,No,No
darwin,Littorina_compressa,No,Yes,Yes,No,No,No
darwin,Lepidochitona_cinerea,No,Yes,Yes,No,No,No
darwin,Pecten_maximus,Yes,Yes,No,No,No,No
darwin,Phorcus_lineatus,Yes,Yes,Yes,No,No,Yes
darwin,Pisidium_subtruncatum,No,Yes,No,No,No,No
darwin,Patella_ulyssiponensis,Yes,No,Yes,No,No,No
darwin,Bithynia_leachii,Yes,Yes,Yes,No,No,No
darwin,Microchlamylla_gracilis,Yes,No,Yes,No,No,No
darwin,Valvata_piscinalis,Yes,Yes,No,No,No,No
darwin,Patella_pellucida,Yes,Yes,Yes,No,No,Yes
darwin,Omphiscola_glabra,No,No,Yes,No,No,No
darwin,Physa_fontinalis,Yes,No,Yes,No,No,No
darwin,Gibbula_umbilicalis,Yes,Yes,No,No,No,Yes
darwin,Cepaea_nemoralis,Yes,Yes,No,No,No,No
darwin,Magallana_gigas,Yes,Yes,Yes,No,No,No
darwin,Cerastoderma_edule,Yes,Yes,Yes,No,No,No
darwin,Mysia_undata,Yes,No,No,No,No,No
darwin,Crepidula_fornicata,No,No,Yes,No,No,No
darwin,Littorina_littorea,No,Yes,Yes,No,No,No
darwin,Crimora_papillata,Yes,No,No,No,No,No
darwin,Ocenebra_erinaceus,No,No,Yes,No,No,No
darwin,Gari_tellinella,Yes,Yes,Yes,No,No,Yes
darwin,Acroloxus_lacustris,No,Yes,No,No,No,No
darwin,Potamopyrgus_antipodarum,No,Yes,Yes,No,No,No
darwin,Helicella_itala,Yes,Yes,Yes,No,No,No
darwin,Littorina_obtusata,Yes,No,Yes,No,No,No
darwin,Anomia_ephippium,No,No,Yes,No,No,No
darwin,Tonicella_marmorea,No,No,Yes,No,No,No
darwin,Littorina_saxatilis,No,No,Yes,No,No,No
darwin,Polycera_quadrilineata,No,Yes,Yes,No,No,No
darwin,Planorbarius_corneus,No,No,Yes,No,No,No
darwin,Macomangulus_tenuis,Yes,Yes,Yes,No,No,No
darwin,Cepaea_hortensis,Yes,No,Yes,No,No,No
darwin,Sphaerium_corneum,No,Yes,Yes,No,No,No
darwin,Calliostoma_zizyphinum,Yes,Yes,Yes,No,No,No
darwin,Radix_auricularia,No,Yes,Yes,No,No,No
darwin,Physella_acuta,Yes,Yes,No,No,No,No
darwin,Pisidium_nitidum,Yes,Yes,No,No,No,No
darwin,Littorina_arcana,No,Yes,Yes,No,No,No
darwin,Acanthochitona_crinita,Yes,Yes,Yes,No,No,No
darwin,Venerupis_corrugata,Yes,No,Yes,No,No,No
darwin,Biomphalaria_glabrata,Yes,No,Yes,No,No,No
darwin,Melarhaphe_neritoides,No,No,Yes,No,No,No
darwin,Nucula_hanleyi,No,No,Yes,No,No,No
darwin,Patella_vulgata,Yes,Yes,Yes,No,No,No
darwin,Trivia_monacha,Yes,Yes,Yes,No,No,No
darwin,Bithynia_tentaculata,No,No,Yes,No,No,No
darwin,Planorbis_planorbis,Yes,Yes,Yes,No,No,No
darwin,Ancylus_fluviatilis,Yes,Yes,Yes,No,No,No
darwin,Lymnaea_stagnalis,No,Yes,Yes,No,No,No
darwin,Steromphala_cineraria,Yes,Yes,Yes,No,No,Yes
darwin,Gibbula_magus,Yes,Yes,Yes,No,No,Yes
darwin,Tritia_reticulata,Yes,Yes,Yes,No,No,No
darwin,Mimachlamys_varia,Yes,Yes,No,No,No,No
darwin,Perophora_japonica,No,No,Yes,No,No,No
darwin,Ascidiella_aspersa,No,No,Yes,No,No,No
darwin,Aplidium_turbinatum,Yes,Yes,Yes,No,No,Yes
darwin,Styela_clava,Yes,Yes,Yes,No,No,No
darwin,Corella_eumyota,No,No,Yes,No,No,No
darwin,Dendrodoa_grossularia,No,Yes,No,No,No,No
darwin,Clavelina_lepadiformis,Yes,Yes,Yes,No,No,No
darwin,Ascidia_mentula,Yes,No,No,No,No,Yes
darwin,Scathophaga_furcata,No,No,Yes,No,No,No
darwin,Dolichopus_griseipennis,No,No,Yes,No,No,No
darwin,Athalia_circularis,Yes,No,No,No,No,Yes
darwin,Morophaga_choragella,Yes,Yes,No,No,No,No
darwin,Ptycholomoides_aeriferana,Yes,Yes,No,No,No,Yes
darwin,Glyphipterix_simpliciella,No,Yes,No,No,No,No
darwin,Anthophora_furcata,Yes,Yes,No,No,No,No
darwin,Bombus_vestalis,No,Yes,No,No,No,No
darwin,Ephemera_danica,No,No,Yes,No,No,No
darwin,Ophion_luteus,Yes,Yes,Yes,No,No,Yes
darwin,Mythimna_albipuncta,Yes,Yes,Yes,No,No,Yes
darwin,Nymphalis_polychloros,Yes,Yes,Yes,No,No,Yes
darwin,Argyresthia_goedartella,Yes,Yes,No,No,No,Yes
darwin,Rhagonycha_fulva,Yes,Yes,Yes,No,No,Yes
darwin,Cheilosia_scutellata,No,No,Yes,No,No,No
darwin,Coenonympha_tullia,Yes,Yes,No,No,No,No
darwin,Phlogophora_meticulosa,Yes,Yes,No,No,No,Yes
darwin,Comibaena_bajularia,No,Yes,Yes,No,No,No
darwin,Hydropsyche_instabilis,No,No,Yes,No,No,No
darwin,Biston_betularia,Yes,Yes,Yes,No,No,Yes
darwin,Eilema_griseolum,Yes,Yes,No,No,Yes,No
darwin,Stomorhina_lunata,Yes,No,Yes,No,No,Yes
darwin,Lasioglossum_morio,Yes,Yes,Yes,No,No,Yes
darwin,Anaspis_maculata,No,No,Yes,No,No,No
darwin,Tyria_jacobaeae,No,Yes,Yes,No,No,No
darwin,Toxoneura_muliebris,No,No,Yes,No,No,No
darwin,Stenocranus_minutus,Yes,No,Yes,No,No,No
darwin,Leptogaster_cylindrica,No,No,Yes,No,No,No
darwin,Phasia_obesa,Yes,Yes,No,No,No,No
darwin,Clytus_arietis,Yes,Yes,Yes,No,No,No
darwin,Erynnis_tages,Yes,Yes,No,No,No,Yes
darwin,Ophion_obscuratus,No,Yes,Yes,No,No,No
darwin,Aporia_crataegi,Yes,Yes,Yes,No,No,Yes
darwin,Celypha_lacunana,No,Yes,No,No,No,No
darwin,Amphipyra_tragopoginis,Yes,Yes,No,No,No,Yes
darwin,Xestia_xanthographa,Yes,Yes,No,No,No,Yes
darwin,Pycnomerus_fuliginosus,No,No,Yes,No,No,No
darwin,Xylota_sylvarum,Yes,Yes,No,No,No,Yes
darwin,Eilema_lurideolum,No,No,Yes,No,No,No
darwin,Milichia_ludens,No,No,Yes,No,No,No
darwin,Bombus_pratorum,Yes,Yes,Yes,No,No,Yes
darwin,Ypsolopha_sequella,Yes,Yes,No,No,No,Yes
darwin,Athripsodes_cinereus,No,Yes,Yes,No,No,No
darwin,Aphodius_fossor,No,No,Yes,No,No,No
darwin,Scythropia_crataegella,No,No,Yes,No,No,No
darwin,Pheosia_tremula,Yes,Yes,Yes,No,No,Yes
darwin,Rhyzobius_forestieri,No,No,Yes,No,No,No
darwin,Nephrotoma_flavescens,Yes,No,Yes,No,No,Yes
darwin,Agrochola_macilenta,Yes,Yes,Yes,No,No,Yes
darwin,Luperina_testacea,Yes,Yes,Yes,No,No,Yes
darwin,Agrypnus_murinus,Yes,Yes,Yes,No,No,Yes
darwin,Drosophila_subobscura,No,No,Yes,No,No,No
darwin,Megachile_ligniseca,Yes,Yes,Yes,No,No,Yes
darwin,Synanthedon_tipuliformis,No,Yes,No,No,No,No
darwin,Clepsis_dumicolana,No,No,Yes,No,No,No
darwin,Tinea_trinotella,Yes,Yes,Yes,No,No,Yes
darwin,Braula_coeca,No,No,Yes,No,No,No
darwin,Philereme_vetulata,Yes,Yes,Yes,No,No,Yes
darwin,Stictopleurus_punctatonervosus,No,No,Yes,No,No,No
darwin,Malachius_bipustulatus,Yes,Yes,Yes,No,No,Yes
darwin,Nymphalis_urticae,Yes,Yes,No,No,No,Yes
darwin,Pieris_brassicae,Yes,Yes,No,No,Yes,Yes
darwin,Pieris_rapae,Yes,Yes,No,No,No,Yes
darwin,Agapetus_fuscipes,No,No,Yes,No,No,No
darwin,Agonopterix_ocellana,Yes,Yes,Yes,No,No,No
darwin,Nematus_tibialis,No,No,Yes,No,No,No
darwin,Icerya_purchasi,Yes,No,No,No,No,No
darwin,Propylea_quattuordecimpunctata,Yes,Yes,Yes,No,No,Yes
darwin,Cantharis_rustica,Yes,Yes,Yes,No,No,Yes
darwin,Pyrausta_purpuralis,No,Yes,No,No,No,No
darwin,Vespula_germanica,Yes,Yes,Yes,No,No,Yes
darwin,Ablattaria_laevigata,No,No,Yes,No,No,No
darwin,Hydropsyche_siltalai,Yes,Yes,Yes,No,No,No
darwin,Aphrophora_alni,No,Yes,Yes,No,No,No
darwin,Bombylius_discolor,Yes,No,Yes,No,No,Yes
darwin,Apoderus_coryli,Yes,Yes,Yes,No,No,Yes
darwin,Bolitobius_castaneus,No,No,Yes,No,No,No
darwin,Ypsolopha_alpella,Yes,Yes,No,No,No,No
darwin,Cleigastra_apicalis,No,No,Yes,No,No,No
darwin,Ethmia_dodecea,No,Yes,Yes,No,No,No
darwin,Ptilodon_capucinus,Yes,Yes,Yes,No,No,Yes
darwin,Hydromya_dorsalis,No,No,Yes,No,No,No
darwin,Ectropis_crepuscularia,Yes,No,No,No,No,Yes
darwin,Cistogaster_globosa,Yes,Yes,No,No,No,Yes
darwin,Sphinx_pinastri,Yes,No,No,No,No,Yes
darwin,Caradrina_clavipalpis,Yes,Yes,Yes,No,No,Yes
darwin,Scaphidium_quadrimaculatum,No,Yes,No,No,No,No
darwin,Apotomis_turbidana,Yes,Yes,Yes,No,No,Yes
darwin,Hydrophoria_ruralis,No,Yes,Yes,No,No,No
darwin,Habrosyne_pyritoides,Yes,Yes,Yes,No,No,Yes
darwin,Idaea_biselata,No,Yes,No,No,No,No
darwin,Ancistrocerus_nigricornis,Yes,Yes,Yes,No,No,Yes
darwin,Miltochrista_miniata,Yes,Yes,Yes,No,No,No
darwin,Nabis_limbatus,Yes,Yes,No,No,No,No
darwin,Acleris_ferrugana,No,No,Yes,No,No,No
darwin,Acleris_emargana,Yes,Yes,Yes,No,No,Yes
darwin,Charanyca_ferruginea,Yes,Yes,Yes,No,No,No
darwin,Machimus_atricapillus,Yes,No,Yes,No,No,Yes
darwin,Scymnus_frontalis,No,Yes,No,No,No,No
darwin,Ophonus_ardosiacus,Yes,Yes,Yes,No,No,Yes
darwin,Anthocharis_cardamines,Yes,Yes,No,No,Yes,Yes
darwin,Phragmatobia_fuliginosa,Yes,No,Yes,No,No,Yes
darwin,Noctua_fimbriata,Yes,Yes,Yes,No,No,Yes
darwin,Pantilius_tunicatus,Yes,Yes,No,No,No,Yes
darwin,Aporophyla_lueneburgensis,Yes,No,Yes,No,No,Yes
darwin,Vanessa_atalanta,Yes,Yes,No,No,No,Yes
darwin,Eilema_depressum,Yes,Yes,Yes,No,No,Yes
darwin,Tenthredo_livida,Yes,Yes,Yes,No,No,Yes
darwin,Selenia_dentaria,Yes,Yes,Yes,No,No,Yes
darwin,Mimas_tiliae,Yes,Yes,Yes,No,No,Yes
darwin,Cydalima_perspectalis,Yes,Yes,Yes,No,No,No
darwin,Sarcophaga_crassimargo,Yes,Yes,No,No,No,Yes
darwin,Omphaloscelis_lunosa,Yes,Yes,Yes,No,No,Yes
darwin,Hydraecia_micacea,Yes,Yes,Yes,No,No,Yes
darwin,Myrmica_sabuleti,No,No,Yes,No,No,No
darwin,Aphantopus_hyperantus,Yes,Yes,No,No,No,No
darwin,Leptoglossus_occidentalis,Yes,No,No,No,No,No
darwin,Eristalis_tenax,Yes,Yes,No,No,No,Yes
darwin,Hylemya_variata,Yes,No,No,No,No,No
darwin,Cupido_minimus,Yes,Yes,No,No,No,Yes
darwin,Tipula_vernalis,Yes,Yes,Yes,No,No,No
darwin,Hesperia_comma,Yes,Yes,Yes,No,No,Yes
darwin,Philereme_transversata,No,Yes,Yes,No,No,No
darwin,Campaea_margaritaria,Yes,Yes,Yes,No,No,Yes
darwin,Agriotes_lineatus,Yes,No,Yes,No,No,No
darwin,Lucilia_sericata,No,Yes,No,No,No,No
darwin,Limnephilus_lunatus,Yes,Yes,Yes,No,No,Yes
darwin,Tortrix_viridana,No,Yes,No,No,No,No
darwin,Subcoccinella_vigintiquattuorpunctata,Yes,Yes,No,No,No,No
darwin,Oedemera_lurida,Yes,Yes,Yes,No,No,Yes
darwin,Rhyparochromus_vulgaris,No,No,Yes,No,No,No
darwin,Sarcophaga_variegata,Yes,Yes,Yes,No,No,Yes
darwin,Uleiota_planatus,No,No,Yes,No,No,No
darwin,Agrotis_puta,Yes,Yes,Yes,No,No,No
darwin,Tipula_oleracea,No,Yes,Yes,No,No,No
darwin,Hypsopygia_glaucinalis,Yes,Yes,No,No,No,No
darwin,Mompha_ochraceella,Yes,No,No,No,No,No
darwin,Tephritis_neesii,Yes,No,Yes,No,No,No
darwin,Callophrys_rubi,Yes,Yes,No,No,No,No
darwin,Xylocampa_areola,Yes,No,Yes,No,No,No
darwin,Amblyteles_armatorius,Yes,Yes,Yes,No,No,Yes
darwin,Selenia_tetralunaria,Yes,Yes,Yes,No,No,No
darwin,Paragus_haemorrhous,Yes,Yes,No,No,No,No
darwin,Lymantria_monacha,Yes,Yes,No,No,Yes,Yes
darwin,Mesoligia_furuncula,Yes,Yes,Yes,No,No,Yes
darwin,Ditula_angustiorana,Yes,Yes,No,No,No,Yes
darwin,Philopotamus_montanus,No,No,Yes,No,No,No
darwin,Ectemnius_continuus,Yes,Yes,No,No,No,Yes
darwin,Aelia_acuminata,Yes,Yes,Yes,No,No,Yes
darwin,Arenostola_phragmitidis,Yes,Yes,Yes,No,No,No
darwin,Maniola_jurtina,Yes,Yes,No,No,Yes,Yes
darwin,Canthophorus_impressus,Yes,No,Yes,No,No,No
darwin,Mocydia_crocea,Yes,No,No,No,No,No
darwin,Elaphrus_riparius,No,No,Yes,No,No,No
darwin,Sapromyzosoma_quadripunctata,Yes,Yes,No,No,No,No
darwin,Hydraena_rufipes,No,No,Yes,No,No,No
darwin,Papilio_machaon,Yes,Yes,Yes,No,No,Yes
darwin,Argynnis_aglaja,Yes,Yes,No,No,No,No
darwin,Phaonia_angelicae,No,Yes,Yes,No,No,No
darwin,Lasioglossum_malachurum,Yes,Yes,No,No,No,Yes
darwin,Dorcus_parallelipipedus,No,No,Yes,No,No,No
darwin,Volucella_pellucens,Yes,Yes,Yes,No,No,No
darwin,Colias_croceus,Yes,Yes,Yes,No,No,Yes
darwin,Agrochola_circellaris,Yes,Yes,Yes,No,No,Yes
darwin,Hylaea_fasciaria,Yes,Yes,Yes,No,No,Yes
darwin,Scotopteryx_chenopodiata,Yes,No,No,No,No,Yes
darwin,Ypsolopha_scabrella,Yes,Yes,Yes,No,No,Yes
darwin,Ecliptopera_silaceata,Yes,Yes,No,No,No,Yes
darwin,Gnathoncus_nannetensis,No,No,Yes,No,No,No
darwin,Haliplus_sibiricus,No,Yes,Yes,No,No,No
darwin,Leistus_spinibarbis,Yes,No,Yes,No,No,No
darwin,Blastobasis_lacticolella,Yes,Yes,No,No,No,Yes
darwin,Aproaerema_taeniolella,No,No,Yes,No,No,No
darwin,Helina_evecta,Yes,Yes,Yes,No,No,No
darwin,Sarcophaga_rosellei,Yes,Yes,Yes,No,No,Yes
darwin,Sitona_lineatus,No,No,Yes,No,No,No
darwin,Andrena_cineraria,No,Yes,Yes,No,No,No
darwin,Vanessa_cardui,Yes,Yes,No,No,No,Yes
darwin,Gasteruption_jaculator,No,No,Yes,No,No,No
darwin,Closterotomus_trivialis,No,No,Yes,No,No,No
darwin,Griposia_aprilina,Yes,Yes,Yes,No,No,Yes
darwin,Cerceris_rybyensis,Yes,Yes,Yes,No,No,Yes
darwin,Mimumesa_dahlbomi,Yes,Yes,Yes,No,No,Yes
darwin,Orectochilus_villosus,No,Yes,No,No,No,No
darwin,Baetis_niger,No,No,Yes,No,No,No
darwin,Blastobasis_adustella,Yes,Yes,Yes,No,No,Yes
darwin,Epinotia_ramella,Yes,Yes,No,No,No,No
darwin,Rhithrogena_semicolorata,Yes,Yes,No,No,No,No
darwin,Rhingia_rostrata,No,Yes,Yes,No,No,No
darwin,Platycheirus_albimanus,Yes,Yes,Yes,No,No,Yes
darwin,Paromalus_flavicornis,No,No,Yes,No,No,No
darwin,Mellicta_athalia,Yes,Yes,No,No,No,Yes
darwin,Pterostichus_strenuus,No,Yes,No,No,No,No
darwin,Cheilosia_pagana,Yes,Yes,No,No,No,Yes
darwin,Acanthosoma_haemorrhoidale,Yes,Yes,Yes,No,No,Yes
darwin,Epirrhoe_alternata,Yes,Yes,No,No,No,Yes
darwin,Chrysotoxum_verralli,Yes,Yes,Yes,No,No,Yes
darwin,Kageronia_fuscogrisea,No,No,Yes,No,No,No
darwin,Musca_autumnalis,Yes,Yes,Yes,No,No,No
darwin,Pherbellia_cinerella,Yes,Yes,No,No,No,No
darwin,Chrysolina_graminis,No,No,Yes,No,No,No
darwin,Pemphredon_lugubris,Yes,Yes,No,No,No,No
darwin,Epinotia_brunnichana,Yes,No,No,No,No,Yes
darwin,Ischnura_elegans,Yes,Yes,Yes,No,No,Yes
darwin,Xestia_c-nigrum,Yes,Yes,Yes,No,No,Yes
darwin,Choerades_marginata,Yes,Yes,Yes,No,No,No
darwin,Attelabus_nitens,Yes,No,Yes,No,No,No
darwin,Limnephilus_rhombicus,Yes,Yes,Yes,No,No,Yes
darwin,Luffia_ferchaultella,No,No,Yes,No,No,No
darwin,Operophtera_brumata,Yes,No,Yes,No,No,Yes
darwin,Eurydema_oleracea,Yes,No,No,No,No,Yes
darwin,Protodeltote_pygarga,Yes,Yes,Yes,No,No,No
darwin,Limenitis_camilla,Yes,Yes,No,No,No,Yes
darwin,Xanthorhoe_quadrifasciata,Yes,Yes,No,No,No,No
darwin,Photedes_minima,Yes,No,No,No,No,Yes
darwin,Eilema_sororcula,Yes,Yes,Yes,No,No,Yes
darwin,Thecla_betulae,Yes,No,No,No,No,No
darwin,Anthrenus_verbasci,No,No,Yes,No,No,No
darwin,Centroptilum_luteolum,No,No,Yes,No,No,No
darwin,Hippodamia_variegata,Yes,Yes,No,No,No,Yes
darwin,Hydropsyche_pellucidula,No,No,Yes,No,No,No
darwin,Carcina_quercana,Yes,Yes,Yes,No,No,Yes
darwin,Bellardia_pandia,Yes,Yes,Yes,No,No,Yes
darwin,Phaonia_tuguriorum,Yes,Yes,No,No,No,No
darwin,Recurvaria_leucatella,Yes,Yes,No,No,Yes,No
darwin,Sphaerophoria_scripta,Yes,Yes,Yes,No,No,No
darwin,Theria_primaria,Yes,Yes,Yes,No,No,No
darwin,Crassa_unitella,Yes,Yes,Yes,No,No,No
darwin,Empis_livida,Yes,Yes,No,No,No,No
darwin,Evacanthus_interruptus,No,No,Yes,No,No,No
darwin,Hylemya_vagans,Yes,Yes,Yes,No,No,No
darwin,Bembidion_quadrimaculatum,No,No,Yes,No,No,No
darwin,Dryobotodes_eremita,Yes,Yes,Yes,No,No,Yes
darwin,Pyrochroa_serraticornis,Yes,Yes,Yes,No,No,Yes
darwin,Cteniopus_sulphureus,No,Yes,Yes,No,No,No
darwin,Megachile_willughbiella,Yes,Yes,No,No,No,Yes
darwin,Andrena_hattorfiana,Yes,No,Yes,No,No,Yes
darwin,Inachis_io,Yes,Yes,No,No,No,Yes
darwin,Meliscaeva_cinctella,No,Yes,Yes,No,No,No
darwin,Erannis_defoliaria,Yes,Yes,No,No,No,Yes
darwin,Camptogramma_bilineatum,Yes,Yes,No,No,No,Yes
darwin,Tenthredo_notha,Yes,Yes,Yes,No,No,Yes
darwin,Melinda_gentilis,Yes,Yes,Yes,No,No,No
darwin,Clostera_curtula,Yes,Yes,Yes,No,No,Yes
darwin,Lygus_pratensis,Yes,Yes,No,No,No,No
darwin,Meigenia_mutabilis,No,No,Yes,No,No,No
darwin,Eucosma_cana,Yes,Yes,No,No,No,Yes
darwin,Pseudovadonia_livida,No,Yes,Yes,No,No,No
darwin,Orgyia_antiqua,Yes,Yes,Yes,No,No,Yes
darwin,Psoricoptera_gibbosella,Yes,Yes,No,No,No,Yes
darwin,Thricops_semicinereus,Yes,Yes,No,No,No,No
darwin,Peltodytes_caesus,Yes,Yes,No,No,No,No
darwin,Melolontha_melolontha,Yes,No,Yes,No,No,Yes
darwin,Lobophora_halterata,Yes,No,Yes,No,No,Yes
darwin,Ectemnius_lituratus,Yes,Yes,No,No,No,Yes
darwin,Hipparchia_semele,Yes,No,Yes,No,No,No
darwin,Grypocoris_stysi,Yes,Yes,No,No,No,No
darwin,Rhizotrogus_aestivus,No,No,Yes,No,No,No
darwin,Phasia_barbifrons,No,Yes,No,No,No,No
darwin,Chrysogaster_coemiteriorum,Yes,Yes,No,No,No,No
darwin,Scoparia_basistrigalis,No,Yes,Yes,No,No,No
darwin,Notodonta_dromedarius,Yes,Yes,No,No,No,Yes
darwin,Formica_rufa,No,No,Yes,No,No,No
darwin,Eudonia_lacustrata,Yes,Yes,Yes,No,No,No
darwin,Limnophora_riparia,No,No,Yes,No,No,No
darwin,Caradrina_kadenii,Yes,Yes,No,No,No,Yes
darwin,Athrips_mouffetella,Yes,Yes,No,No,No,No
darwin,Rhinocyllus_conicus,Yes,Yes,No,No,No,Yes
darwin,Zeuzera_pyrina,Yes,Yes,Yes,No,No,Yes
darwin,Tachina_fera,Yes,Yes,Yes,No,No,Yes
darwin,Helina_depuncta,Yes,Yes,Yes,No,No,No
darwin,Acrocera_orbiculus,Yes,No,No,No,No,Yes
darwin,Metalampra_italica,No,Yes,No,No,No,No
darwin,Cheilosia_proxima,No,No,Yes,No,No,No
darwin,Anaspis_frontalis,No,No,Yes,No,No,No
darwin,Lasioglossum_fulvicorne,No,No,Yes,No,No,No
darwin,Shargacucullia_verbasci,Yes,Yes,No,No,No,No
darwin,Helina_quadrum,Yes,Yes,No,No,No,No
darwin,Merzomyia_westermanni,Yes,Yes,Yes,No,No,Yes
darwin,Prays_fraxinella,No,Yes,No,No,No,No
darwin,Epinotia_nisella,Yes,No,Yes,No,No,No
darwin,Dioctria_rufipes,Yes,Yes,No,No,No,No
darwin,Harpalus_rufipes,Yes,No,Yes,No,No,No
darwin,Autographa_pulchrina,Yes,Yes,Yes,No,No,Yes
darwin,Argyresthia_brockeella,No,Yes,Yes,No,No,No
darwin,Polysphincta_tuberosa,Yes,No,No,No,No,No
darwin,Agrilus_sulcicollis,No,No,Yes,No,No,No
darwin,Macrochilo_cribrumalis,Yes,Yes,No,No,No,No
darwin,Notocelia_uddmanniana,Yes,Yes,No,No,Yes,Yes
darwin,Ledra_aurita,Yes,No,Yes,No,No,No
darwin,Anarsia_innoxiella,No,No,Yes,No,No,No
darwin,Delia_platura,Yes,Yes,No,No,No,Yes
darwin,Nemoura_lacustris,No,No,Yes,No,No,No
darwin,Lasiommata_megera,Yes,Yes,Yes,No,No,Yes
darwin,Acleris_sparsana,Yes,Yes,Yes,No,No,Yes
darwin,Polydrusus_cervinus,Yes,No,Yes,No,No,No
darwin,Euplexia_lucipara,Yes,Yes,Yes,No,No,Yes
darwin,Yponomeuta_sedellus,Yes,No,Yes,No,No,Yes
darwin,Melanostoma_mellinum,Yes,Yes,Yes,No,No,Yes
darwin,Sericostoma_personatum,Yes,Yes,No,No,No,No
darwin,Parapoynx_stratiotata,Yes,Yes,Yes,No,No,Yes
darwin,Orthosia_cerasi,Yes,No,Yes,No,No,No
darwin,Thumatha_senex,Yes,Yes,No,No,No,Yes
darwin,Atherix_ibis,No,No,Yes,No,No,No
darwin,Rhaphigaster_nebulosa,No,Yes,Yes,No,No,No
darwin,Xestia_triangulum,Yes,No,No,No,No,No
darwin,Nymphalis_c-album,Yes,Yes,No,No,No,Yes
darwin,Acleris_rhombana,Yes,Yes,No,No,No,No
darwin,Itoplectis_maculator,No,No,Yes,No,No,No
darwin,Apatura_iris,Yes,Yes,No,No,No,Yes
darwin,Cydia_succedana,No,No,Yes,No,No,No
darwin,Lycaena_phlaeas,Yes,Yes,Yes,No,No,Yes
darwin,Protocalliphora_azurea,Yes,Yes,Yes,No,No,Yes
darwin,Sarcophaga_subvicina,Yes,Yes,Yes,No,No,No
darwin,Bombus_terrestris,Yes,Yes,Yes,No,No,Yes
darwin,Dolycoris_baccarum,Yes,Yes,Yes,No,No,No
darwin,Bombus_pascuorum,Yes,Yes,Yes,No,No,Yes
darwin,Poecilobothrus_nobilitatus,No,No,Yes,No,No,No
darwin,Hofmannophila_pseudospretella,No,Yes,No,No,No,No
darwin,Nemoura_avicularis,No,No,Yes,No,No,No
darwin,Pterophorus_pentadactyla,No,Yes,No,No,No,No
darwin,Phalera_bucephala,Yes,Yes,No,No,Yes,No
darwin,Rhagio_lineola,No,Yes,Yes,No,No,No
darwin,Philonthus_cognatus,Yes,Yes,No,No,No,Yes
darwin,Phyto_melanocephala,Yes,Yes,No,No,No,No
darwin,Gymnosoma_rotundatum,Yes,Yes,Yes,No,No,Yes
darwin,Erebia_epiphron,Yes,No,Yes,No,No,Yes
darwin,Coremacera_marginata,Yes,Yes,Yes,No,No,Yes
darwin,Dysstroma_truncata,Yes,No,Yes,No,No,No
darwin,Mythimna_impura,Yes,Yes,No,No,Yes,Yes
darwin,Sarcophaga_caerulescens,Yes,Yes,Yes,No,No,Yes
darwin,Ypsolopha_parenthesella,Yes,No,No,No,No,No
darwin,Ochropleura_plecta,Yes,Yes,Yes,No,No,Yes
darwin,Ennomos_erosarius,Yes,No,No,No,No,No
darwin,Hydriomena_furcata,Yes,Yes,Yes,No,No,Yes
darwin,Eupteryx_origani,No,No,Yes,No,No,No
darwin,Graphomya_maculata,No,Yes,Yes,No,No,No
darwin,Epermenia_falciformis,No,Yes,Yes,No,No,No
darwin,Bombus_hortorum,Yes,Yes,Yes,No,No,Yes
darwin,Archips_podanus,Yes,Yes,No,No,No,Yes
darwin,Hydropsyche_angustipennis,No,No,Yes,No,No,No
darwin,Eristalis_pertinax,Yes,Yes,Yes,No,No,Yes
darwin,Hypsopygia_costalis,Yes,Yes,Yes,No,No,No
darwin,Tinea_pellionella,No,No,Yes,No,No,No
darwin,Perizoma_alchemillatum,Yes,Yes,No,No,No,Yes
darwin,Eupeodes_luniger,Yes,No,No,No,No,No
darwin,Sarcophaga_incisilobata,No,Yes,Yes,No,No,No
darwin,Furcula_furcula,Yes,Yes,Yes,No,No,Yes
darwin,Opostega_salaciella,No,Yes,No,No,No,No
darwin,Dromius_quadrimaculatus,Yes,Yes,No,No,No,Yes
darwin,Merodon_equestris,No,No,Yes,No,No,No
darwin,Archips_xylosteana,Yes,No,No,No,No,Yes
darwin,Nicrophorus_vespillo,No,No,Yes,No,No,No
darwin,Hydroporus_planus,No,No,Yes,No,No,No
darwin,Eupithecia_centaureata,Yes,Yes,Yes,No,No,Yes
darwin,Agonopterix_heracliana,Yes,No,No,No,No,Yes
darwin,Bibio_marci,Yes,Yes,Yes,No,No,Yes
darwin,Closterotomus_norwegicus,No,No,Yes,No,No,No
darwin,Notiophilus_biguttatus,Yes,No,No,No,No,No
darwin,Catocala_fraxini,Yes,Yes,Yes,No,No,No
darwin,Drepanepteryx_phalaenoides,Yes,Yes,Yes,No,No,No
darwin,Melangyna_umbellatarum,Yes,Yes,Yes,No,No,No
darwin,Ponera_coarctata,No,No,Yes,No,No,No
darwin,Gonocerus_acuteangulatus,Yes,Yes,Yes,No,No,Yes
darwin,Calliphora_vomitoria,Yes,No,No,No,No,No
darwin,Abraeus_perpusillus,No,No,Yes,No,No,No
darwin,Myrmica_ruginodis,Yes,Yes,Yes,No,No,Yes
darwin,Aphodius_erraticus,No,No,Yes,No,No,No
darwin,Marasmarcha_lunaedactyla,Yes,Yes,Yes,No,No,Yes
darwin,Rhopalus_parumpunctatus,Yes,No,No,No,No,No
darwin,Amphinemura_sulcicollis,No,No,Yes,No,No,No
darwin,Epistrophe_grossulariae,Yes,Yes,Yes,No,No,Yes
darwin,Hydropsyche_contubernalis,No,No,Yes,No,No,No
darwin,Baccha_elongata,Yes,Yes,No,No,No,Yes
darwin,Eurithia_anthophila,No,Yes,Yes,No,No,No
darwin,Crambus_lathoniellus,No,Yes,No,No,No,No
darwin,Lepidostoma_basale,No,No,Yes,No,No,No
darwin,Pegoplata_aestiva,No,Yes,No,No,No,No
darwin,Nemophora_degeerella,No,Yes,No,No,No,No
darwin,Suillia_variegata,No,No,Yes,No,No,No
darwin,Plebejus_argus,Yes,Yes,No,No,No,Yes
darwin,Vespa_crabro,Yes,Yes,Yes,No,No,Yes
darwin,Euthrix_potatoria,No,Yes,No,No,No,No
darwin,Clusia_tigrina,Yes,Yes,Yes,No,No,Yes
darwin,Eriothrix_rufomaculata,Yes,Yes,Yes,No,No,No
darwin,Hebecnema_fumosa,No,Yes,Yes,No,No,No
darwin,Pammene_fasciana,Yes,Yes,Yes,No,No,Yes
darwin,Sarcophaga_carnaria,Yes,No,No,No,No,No
darwin,Idaea_aversata,Yes,Yes,Yes,No,No,Yes
darwin,Aphodius_rufipes,No,No,Yes,No,No,No
darwin,Bena_bicolorana,Yes,No,Yes,No,No,No
darwin,Noctua_comes,Yes,No,No,No,No,Yes
darwin,Oxypselaphus_obscurus,No,No,Yes,No,No,No
darwin,Gymnocheta_viridis,Yes,No,Yes,No,No,No
darwin,Laspeyria_flexula,Yes,Yes,No,No,No,Yes
darwin,Colostygia_pectinataria,Yes,Yes,No,No,No,Yes
darwin,Clepsis_spectrana,Yes,Yes,Yes,No,No,No
darwin,Pseudococcus_viburni,No,No,No,No,No,No
darwin,Leuctra_hippopus,No,Yes,No,No,No,No
darwin,Baetis_vernus,No,No,Yes,No,No,No
darwin,Biston_stratarius,No,No,Yes,No,No,No
darwin,Raglius_alboacuminatus,No,No,Yes,No,No,No
darwin,Oedemera_nobilis,Yes,Yes,Yes,No,No,No
darwin,Ocypus_olens,Yes,Yes,Yes,No,No,Yes
darwin,Chloroclysta_siterata,Yes,No,Yes,No,No,Yes
darwin,Cheilosia_impressa,No,No,Yes,No,No,No
darwin,Melanargia_galathea,Yes,Yes,No,No,No,Yes
darwin,Abrostola_tripartita,Yes,Yes,Yes,No,No,Yes
darwin,Polycentropus_irroratus,Yes,Yes,No,No,No,Yes
darwin,Craniophora_ligustri,Yes,Yes,Yes,No,No,Yes
darwin,Emmelina_monodactyla,Yes,Yes,Yes,No,No,Yes
darwin,Ennomos_quercinarius,Yes,Yes,Yes,No,No,Yes
darwin,Dolichovespula_media,Yes,Yes,Yes,No,No,Yes
darwin,Thaumetopoea_processionea,No,No,Yes,No,No,No
darwin,Demetrias_atricapillus,Yes,No,No,No,No,No
darwin,Heptagenia_sulphurea,No,Yes,Yes,No,No,No
darwin,Drosophila_immigrans,No,No,Yes,No,No,No
darwin,Trypoxylon_clavicerum,Yes,No,No,No,No,Yes
darwin,Scaeva_pyrastri,Yes,Yes,Yes,No,No,Yes
darwin,Psilothrix_viridicoeruleus,No,No,Yes,No,No,No
darwin,Tipula_paludosa,Yes,Yes,Yes,No,No,Yes
darwin,Agriphila_tristella,Yes,Yes,Yes,No,No,Yes
darwin,Cyaniris_semiargus,Yes,Yes,No,No,No,Yes
darwin,Mesembrina_meridiana,Yes,Yes,No,No,No,Yes
darwin,Cheilosia_illustrata,Yes,No,No,No,No,No
darwin,Brachylomia_viminalis,Yes,Yes,Yes,No,No,No
darwin,Notiophilus_substriatus,No,No,Yes,No,No,No
darwin,Eristalis_nemorum,No,No,Yes,No,No,No
darwin,Dinocras_cephalotes,No,Yes,No,No,No,No
darwin,Eilema_complana,No,Yes,Yes,No,No,No
darwin,Adalia_decempunctata,Yes,Yes,Yes,No,No,No
darwin,Isoperla_grammatica,Yes,Yes,Yes,No,No,No
darwin,Cionus_hortulanus,No,No,Yes,No,No,No
darwin,Atolmis_rubricollis,Yes,Yes,Yes,No,No,No
darwin,Lysandra_coridon,Yes,Yes,Yes,No,No,Yes
darwin,Apeira_syringaria,Yes,No,No,No,No,Yes
darwin,Euproctis_similis,Yes,Yes,No,No,Yes,Yes
darwin,Sphecodes_hyalinatus,Yes,Yes,No,No,No,No
darwin,Lygephila_pastinum,Yes,No,Yes,No,No,No
darwin,Synanthedon_vespiformis,Yes,Yes,Yes,No,No,Yes
darwin,Pyrochroa_coccinea,No,No,Yes,No,No,No
darwin,Xanthorhoe_fluctuata,Yes,Yes,No,No,No,Yes
darwin,Diachrysia_chrysitis,Yes,No,Yes,No,No,Yes
darwin,Phosphuga_atrata,Yes,Yes,Yes,No,No,Yes
darwin,Lasioglossum_pauxillum,Yes,No,Yes,No,No,Yes
darwin,Tethea_ocularis,No,Yes,Yes,No,No,No
darwin,Elophila_nymphaeata,Yes,Yes,No,No,No,No
darwin,Calliteara_pudibunda,No,No,Yes,No,No,No
darwin,Muscina_levida,No,Yes,Yes,No,No,No
darwin,Apamea_monoglypha,Yes,Yes,Yes,No,No,Yes
darwin,Platycnemis_pennipes,Yes,No,Yes,No,No,No
darwin,Eupeodes_latifasciatus,Yes,Yes,Yes,No,No,Yes
darwin,Rhingia_campestris,Yes,Yes,No,No,No,Yes
darwin,Onthophagus_coenobita,No,No,Yes,No,No,No
darwin,Yponomeuta_evonymella,No,Yes,No,No,No,No
darwin,Lasioglossum_lativentre,Yes,Yes,Yes,No,No,Yes
darwin,Lomaspilis_marginata,Yes,Yes,No,No,No,No
darwin,Buathra_laborator,Yes,Yes,Yes,No,No,Yes
darwin,Anoplius_nigerrimus,Yes,Yes,Yes,No,No,Yes
darwin,Eulithis_prunata,Yes,Yes,Yes,No,No,Yes
darwin,Phaonia_pallida,Yes,Yes,Yes,No,No,No
darwin,Cixius_nervosus,Yes,Yes,No,No,No,No
darwin,Myelois_circumvoluta,Yes,Yes,Yes,No,No,No
darwin,Cantharis_pellucida,No,No,Yes,No,No,No
darwin,Mythimna_ferrago,Yes,Yes,Yes,No,No,Yes
darwin,Micropterix_aruncella,No,Yes,No,No,No,No
darwin,Schrankia_costaestrigalis,Yes,Yes,Yes,No,No,Yes
darwin,Melanotus_villosus,No,No,Yes,No,No,No
darwin,Pammene_aurana,No,No,Yes,No,No,No
darwin,Synanthedon_andrenaeformis,Yes,Yes,Yes,No,No,No
darwin,Euphydryas_aurinia,Yes,Yes,No,No,No,Yes
darwin,Opisthograptis_luteolata,Yes,Yes,Yes,No,No,Yes
darwin,Gymnoscelis_rufifasciata,Yes,Yes,Yes,No,No,Yes
darwin,Axylia_putris,Yes,Yes,Yes,No,No,No
darwin,Hoplodrina_ambigua,No,Yes,Yes,No,No,No
darwin,Colotois_pennaria,Yes,Yes,Yes,No,No,No
darwin,Pseudargyrotoza_conwagana,No,Yes,No,No,No,No
darwin,Eristalis_arbustorum,Yes,Yes,Yes,No,Yes,Yes
darwin,Phasia_hemiptera,Yes,Yes,Yes,No,No,No
darwin,Andrena_haemorrhoa,Yes,Yes,Yes,No,No,Yes
darwin,Nymphula_nitidulata,Yes,Yes,No,No,No,No
darwin,Balanococcus_diminutus,No,Yes,Yes,No,No,No
darwin,Vespula_vulgaris,Yes,Yes,Yes,No,No,Yes
darwin,Coenagrion_puella,Yes,Yes,Yes,No,No,No
darwin,Catoptria_pinella,Yes,Yes,No,No,No,Yes
darwin,Teleogryllus_oceanicus,Yes,Yes,Yes,No,No,Yes
darwin,Hepialus_humuli,Yes,No,Yes,No,No,No
darwin,Calvia_quattuordecimguttata,Yes,No,No,No,No,No
darwin,Dolichovespula_saxonica,Yes,Yes,Yes,No,No,Yes
darwin,Colocasia_coryli,Yes,No,No,No,No,No
darwin,Chrysoteuchia_culmella,Yes,Yes,Yes,No,No,Yes
darwin,Gracillaria_syringella,No,Yes,No,No,No,No
darwin,Euthycera_fumigata,Yes,Yes,Yes,No,No,No
darwin,Herminia_tarsipennalis,Yes,Yes,No,No,No,No
darwin,Ecdyonurus_venosus,No,No,Yes,No,No,No
darwin,Sepedon_sphegea,No,No,Yes,No,No,No
darwin,Podabrus_alpinus,Yes,Yes,Yes,No,No,Yes
darwin,Agriotes_acuminatus,No,No,Yes,No,No,No
darwin,Anthomyia_pluvialis,Yes,Yes,Yes,No,No,No
darwin,Ostrinia_nubilalis,Yes,Yes,No,No,No,Yes
darwin,Harpalus_affinis,No,No,Yes,No,No,No
darwin,Volucella_inflata,Yes,Yes,Yes,No,No,Yes
darwin,Apamea_scolopacina,Yes,Yes,Yes,No,No,No
darwin,Tipula_lateralis,No,No,Yes,No,No,No
darwin,Morellia_simplex,Yes,No,No,No,No,No
darwin,Sisyra_nigra,No,Yes,No,No,No,No
darwin,Nabis_rugosus,Yes,Yes,Yes,No,No,No
darwin,Mamestra_brassicae,Yes,Yes,Yes,No,No,Yes
darwin,Chrysolina_oricalcia,Yes,Yes,Yes,No,No,No
darwin,Phratora_laticollis,No,No,Yes,No,No,No
darwin,Satyrium_w-album,Yes,Yes,No,No,No,Yes
darwin,Chalcolestes_viridis,Yes,Yes,Yes,No,No,No
darwin,Endotricha_flammealis,Yes,Yes,No,No,No,Yes
darwin,Blaesoxipha_plumicornis,Yes,Yes,No,No,No,No
darwin,Cydia_fagiglandana,Yes,Yes,No,No,No,Yes
darwin,Scathophaga_stercoraria,Yes,Yes,No,No,No,Yes
darwin,Diplectrona_felix,No,No,Yes,No,No,No
darwin,Thyatira_batis,Yes,Yes,No,No,No,Yes
darwin,Pterostichus_vernalis,No,No,Yes,No,No,No
darwin,Cercopis_vulnerata,Yes,Yes,Yes,No,No,No
darwin,Issus_coleoptratus,Yes,Yes,No,No,No,No
darwin,Sphecodes_monilicornis,Yes,Yes,Yes,No,No,Yes
darwin,Volucella_inanis,Yes,Yes,Yes,No,No,Yes
darwin,Anoscopus_histrionicus,Yes,No,Yes,No,No,No
darwin,Lysandra_bellargus,Yes,Yes,Yes,No,No,Yes
darwin,Leptocerus_tineiformis,No,No,Yes,No,No,No
darwin,Osmia_bicornis,Yes,Yes,No,No,No,No
darwin,Myopa_tessellatipennis,No,No,Yes,No,No,No
darwin,Pseudoprotapion_astragali,No,No,Yes,No,No,No
darwin,Oulema_melanopus,Yes,Yes,No,No,No,No
darwin,Harmonia_axyridis,Yes,Yes,Yes,No,No,Yes
darwin,Anaplectoides_prasina,Yes,No,Yes,No,No,No
darwin,Clivina_fossor,No,No,Yes,No,No,No
darwin,Agonopterix_subpropinquella,Yes,Yes,Yes,No,No,Yes
darwin,Pieris_napi,Yes,Yes,No,No,No,Yes
darwin,Plodia_interpunctella,Yes,No,No,No,No,No
darwin,Noterus_clavicornis,No,Yes,Yes,No,No,No
darwin,Hemaris_fuciformis,Yes,Yes,No,No,No,No
darwin,Helophilus_pendulus,Yes,Yes,No,No,No,No
darwin,Silo_pallipes,Yes,Yes,Yes,No,No,No
darwin,Villa_cingulata,No,Yes,Yes,No,No,No
darwin,Nedyus_quadrimaculatus,No,No,Yes,No,No,No
darwin,Conops_quadrifasciatus,No,No,Yes,No,No,No
darwin,Episyrphus_balteatus,Yes,Yes,Yes,No,No,Yes
darwin,Pandemis_cinnamomeana,Yes,No,Yes,No,No,Yes
darwin,Pegoplata_infirma,No,No,Yes,No,No,No
darwin,Athalia_rosae,Yes,Yes,Yes,No,No,Yes
darwin,Acrobasis_repandana,Yes,No,No,No,No,Yes
darwin,Eristalis_horticola,Yes,Yes,No,No,No,Yes
darwin,Trypoxylon_attenuatum,No,No,Yes,No,No,No
darwin,Bembecia_ichneumoniformis,Yes,Yes,Yes,No,No,Yes
darwin,Limnephilus_marmoratus,Yes,Yes,Yes,No,No,Yes
darwin,Ilyocoris_cimicoides,No,Yes,Yes,No,No,No
darwin,Plutella_xylostella,Yes,Yes,Yes,No,No,Yes
darwin,Hylaeus_communis,Yes,Yes,No,No,No,Yes
darwin,Lophosceles_cinereiventris,Yes,Yes,No,No,No,No
darwin,Coreus_marginatus,Yes,Yes,Yes,No,No,No
darwin,Limnobaris_t-album,Yes,Yes,No,No,No,No
darwin,Macaria_notata,Yes,Yes,Yes,No,No,Yes
darwin,Velia_caprai,No,No,Yes,No,No,No
darwin,Rhinophora_lepida,Yes,Yes,No,No,No,No
darwin,Hamearis_lucina,Yes,Yes,No,No,No,Yes
darwin,Hydrobius_fuscipes,Yes,Yes,Yes,No,No,No
darwin,Volucella_bombylans,No,Yes,Yes,No,No,No
darwin,Evagetes_crassicornis,Yes,Yes,No,No,No,Yes
darwin,Rhabdomiris_striatellus,No,No,Yes,No,No,No
darwin,Erebia_ligea,Yes,Yes,No,No,No,Yes
darwin,Amphipyra_berbera,Yes,Yes,Yes,No,No,Yes
darwin,Actia_lamia,Yes,Yes,No,No,No,No
darwin,Anotylus_rugosus,Yes,No,No,No,No,No
darwin,Coccinella_septempunctata,Yes,Yes,Yes,No,No,Yes
darwin,Notodonta_ziczac,Yes,Yes,Yes,No,No,Yes
darwin,Psylliodes_chrysocephala,No,Yes,No,No,No,No
darwin,Cochylimorpha_straminea,Yes,No,No,No,No,No
darwin,Perizoma_flavofasciatum,Yes,Yes,No,No,No,Yes
darwin,Agriopis_aurantiaria,Yes,Yes,Yes,No,No,Yes
darwin,Hoplodrina_octogenaria,Yes,No,No,No,No,No
darwin,Nabis_ferus,Yes,Yes,No,No,No,No
darwin,Chrysotoxum_bicinctum,Yes,Yes,Yes,No,No,Yes
darwin,Timarcha_tenebricosa,No,Yes,Yes,No,No,No
darwin,Sphecodes_ephippius,Yes,Yes,No,No,No,Yes
darwin,Agonopterix_alstromeriana,No,Yes,No,No,No,No
darwin,Apocheima_pilosaria,No,Yes,Yes,No,No,No
darwin,Agonopterix_arenella,Yes,Yes,Yes,No,No,Yes
darwin,Udea_olivalis,No,Yes,No,No,No,No
darwin,Lucilia_caesar,No,Yes,Yes,No,No,No
darwin,Orthetrum_cancellatum,No,No,Yes,No,No,No
darwin,Athalia_cordata,Yes,Yes,No,No,No,Yes
darwin,Nephrotoma_flavipalpis,Yes,Yes,Yes,No,No,No
darwin,Thecophora_atra,Yes,No,Yes,No,No,Yes
darwin,Exorista_rustica,No,Yes,Yes,No,No,No
darwin,Elasmostethus_interstinctus,Yes,Yes,Yes,No,No,No
darwin,Ochlodes_sylvanus,Yes,Yes,Yes,No,No,Yes
darwin,Seladonia_tumulorum,Yes,Yes,Yes,No,No,Yes
darwin,Planococcus_citri,Yes,Yes,Yes,No,No,No
darwin,Bombus_sylvestris,Yes,Yes,Yes,No,No,Yes
darwin,Rhopobota_naevana,Yes,Yes,No,No,No,Yes
darwin,Phaonia_rufiventris,Yes,Yes,No,No,No,No
darwin,Syrphus_ribesii,Yes,Yes,No,No,No,No
darwin,Eucosma_campoliliana,Yes,Yes,No,No,No,Yes
darwin,Zygaena_filipendulae,Yes,Yes,Yes,No,No,Yes
darwin,Ptilinus_pectinicornis,No,No,No,No,No,No
darwin,Elmis_aenea,No,No,Yes,No,No,No
darwin,Stenodema_laevigata,Yes,Yes,No,No,No,No
darwin,Leuctra_inermis,No,Yes,No,No,No,No
darwin,Herina_lugubris,Yes,Yes,Yes,No,No,No
darwin,Heteropelma_amictum,No,No,Yes,No,No,No
darwin,Brachyopa_scutellaris,No,No,Yes,No,No,No
darwin,Thymelicus_lineola,Yes,Yes,No,No,No,Yes
darwin,Rutpela_maculata,Yes,Yes,Yes,No,No,No
darwin,Calamotropha_paludella,Yes,Yes,Yes,No,No,Yes
darwin,Hypena_proboscidalis,Yes,Yes,No,No,Yes,Yes
darwin,Halyzia_sedecimguttata,Yes,Yes,Yes,No,No,No
darwin,Scoliopteryx_libatrix,Yes,Yes,Yes,No,No,No
darwin,Noctua_janthe,Yes,Yes,Yes,No,No,Yes
darwin,Fannia_serena,Yes,Yes,No,No,No,No
darwin,Scambus_nigricans,Yes,No,No,No,No,Yes
darwin,Epuraea_melanocephala,No,No,Yes,No,No,No
darwin,Platycis_minutus,Yes,No,No,No,No,No
darwin,Pterostichus_madidus,Yes,Yes,Yes,No,No,Yes
darwin,Leptophyes_punctatissima,No,Yes,Yes,No,No,No
darwin,Korscheltellus_lupulinus,Yes,Yes,No,No,No,No
darwin,Bombus_lapidarius,Yes,Yes,Yes,No,No,No
darwin,Xanthogramma_pedissequum,Yes,Yes,Yes,No,No,Yes
darwin,Diarsia_rubi,Yes,Yes,Yes,No,No,No
darwin,Calliphora_vicina,Yes,Yes,Yes,No,No,No
darwin,Fissipunctia_ypsillon,Yes,Yes,Yes,No,No,No
darwin,Leuctra_nigra,Yes,No,Yes,No,No,Yes
darwin,Himacerus_mirmicoides,Yes,Yes,No,No,No,Yes
darwin,Pheosia_gnoma,Yes,Yes,Yes,No,No,Yes
darwin,Rhagio_scolopaceus,No,Yes,No,No,No,No
darwin,Chaetopteryx_villosa,Yes,No,Yes,No,No,No
darwin,Opsius_stactogalus,Yes,Yes,No,No,No,No
darwin,Ichneumon_xanthorius,Yes,Yes,Yes,No,No,Yes
darwin,Geometra_papilionaria,No,Yes,Yes,No,No,No
darwin,Cartodere_nodifer,No,No,Yes,No,No,No
darwin,Crossocerus_megacephalus,Yes,Yes,No,No,No,No
darwin,Chrysopilus_cristatus,No,Yes,Yes,No,No,No
darwin,Chorisops_tibialis,No,No,Yes,No,No,No
darwin,Bombus_rupestris,Yes,Yes,No,No,No,No
darwin,Sarcophaga_haemorrhoa,No,Yes,No,No,No,No
darwin,Sphecodes_crassus,Yes,Yes,No,No,No,No
darwin,Eupithecia_tripunctaria,Yes,No,No,No,No,Yes
darwin,Pyrausta_despicata,No,Yes,Yes,No,No,No
darwin,Sphaerophoria_taeniata,Yes,No,Yes,No,No,Yes
darwin,Centrotus_cornutus,Yes,Yes,Yes,No,No,No
darwin,Hemithea_aestivaria,No,Yes,No,No,No,No
darwin,Glaucopsyche_alexis,Yes,Yes,Yes,No,No,Yes
darwin,Oplodontha_viridula,Yes,Yes,No,No,No,No
darwin,Euzophera_pinguis,No,Yes,No,No,No,No
darwin,Xantholinus_longiventris,No,No,Yes,No,No,No
darwin,Bicyclus_anynana,Yes,No,Yes,No,No,No
darwin,Autographa_gamma,Yes,Yes,No,No,Yes,Yes
darwin,Tricholauxania_praeusta,Yes,No,Yes,No,No,No
darwin,Acronicta_aceris,Yes,Yes,Yes,No,No,Yes
darwin,Scopula_imitaria,Yes,No,No,No,No,No
darwin,Hebecnema_nigricolor,No,No,Yes,No,No,No
darwin,Catocala_nupta,No,Yes,Yes,No,No,No
darwin,Sicus_ferrugineus,Yes,Yes,Yes,No,No,Yes
darwin,Epistrophe_eligans,No,Yes,No,No,No,No
darwin,Polyommatus_icarus,Yes,Yes,Yes,No,No,Yes
darwin,Alysia_manducator,No,No,Yes,No,No,No
darwin,Adicella_reducta,No,No,Yes,No,No,No
darwin,Thymelicus_sylvestris,Yes,Yes,Yes,No,Yes,Yes
darwin,Otiorhynchus_singularis,No,No,Yes,No,No,No
darwin,Pollenia_angustigena,Yes,Yes,Yes,No,No,Yes
darwin,Syrphus_vitripennis,No,No,Yes,No,No,No
darwin,Acronicta_rumicis,Yes,Yes,Yes,No,No,No
darwin,Notonecta_glauca,Yes,No,Yes,No,No,Yes
darwin,Dolichovespula_norwegica,Yes,Yes,Yes,No,No,No
darwin,Poecilocampa_populi,Yes,Yes,No,No,No,No
darwin,Dolichopus_plumipes,No,No,Yes,No,No,No
darwin,Chorthippus_albomarginatus,Yes,Yes,Yes,No,No,No
darwin,Plectrocnemia_conspersa,No,No,Yes,No,No,No
darwin,Graphocephala_fennahi,No,No,Yes,No,No,No
darwin,Vespa_velutina,Yes,Yes,No,No,No,No
darwin,Nebria_brevicollis,Yes,Yes,Yes,No,No,Yes
darwin,Myathropa_florea,Yes,Yes,Yes,No,No,Yes
darwin,Asthena_albulata,No,No,Yes,No,No,No
darwin,Laothoe_populi,Yes,Yes,Yes,No,No,Yes
darwin,Aricia_artaxerxes,Yes,Yes,No,No,No,Yes
darwin,Gomphocerippus_rufus,Yes,Yes,Yes,No,No,No
darwin,Agriopis_marginaria,No,No,Yes,No,No,No
darwin,Stethophyma_grossum,No,No,Yes,No,No,No
darwin,Andrena_minutula,Yes,Yes,Yes,No,No,Yes
darwin,Lozotaeniodes_formosana,Yes,Yes,Yes,No,No,No
darwin,Pollenia_amentaria,Yes,Yes,Yes,No,No,No
darwin,Coenosia_intermedia,Yes,No,Yes,No,No,No
darwin,Otiorhynchus_sulcatus,Yes,Yes,Yes,No,No,No
darwin,Rhopalus_subrufus,Yes,No,Yes,No,No,No
darwin,Halesus_radiatus,No,No,Yes,No,No,No
darwin,Enallagma_cyathigerum,Yes,Yes,No,No,No,No
darwin,Cloeon_dipterum,Yes,Yes,Yes,No,No,Yes
darwin,Cheilosia_vulpina,Yes,Yes,Yes,No,No,Yes
darwin,Himacerus_apterus,Yes,Yes,No,No,No,No
darwin,Rhytistylus_proceps,No,No,Yes,No,No,No
darwin,Macropis_europaea,Yes,Yes,Yes,No,No,Yes
darwin,Agapeta_hamana,No,Yes,No,No,No,No
darwin,Patania_ruralis,Yes,Yes,Yes,No,No,No
darwin,Lilioceris_lilii,Yes,Yes,Yes,No,No,No
darwin,Curculio_glandium,Yes,Yes,No,No,No,No
darwin,Peribatodes_rhomboidaria,Yes,Yes,Yes,No,No,Yes
darwin,Cheilosia_soror,Yes,Yes,No,No,No,Yes
darwin,Andrena_dorsata,Yes,Yes,Yes,No,No,Yes
darwin,Lucilia_richardsi,Yes,Yes,No,No,No,Yes
darwin,Idaea_seriata,No,No,Yes,No,No,No
darwin,Aphrodes_makarovi,Yes,Yes,No,No,No,No
darwin,Idaea_dimidiata,No,Yes,No,No,No,No
darwin,Limnia_unguicornis,No,Yes,No,No,No,No
darwin,Rhagio_tringarius,Yes,Yes,Yes,No,No,No
darwin,Deilephila_elpenor,No,Yes,No,No,No,No
darwin,Cantharis_nigricans,No,Yes,Yes,No,No,No
darwin,Fabriciana_adippe,Yes,Yes,Yes,No,No,Yes
darwin,Anthomyia_liturata,Yes,Yes,Yes,No,No,No
darwin,Leptidea_sinapis,Yes,Yes,Yes,No,No,Yes
darwin,Sepedon_spinipes,No,No,Yes,No,No,No
darwin,Mellinus_arvensis,No,Yes,No,No,No,No
darwin,Epirrita_christyi,No,Yes,Yes,No,No,No
darwin,Corixa_punctata,No,No,Yes,No,No,No
darwin,Corizus_hyoscyami,Yes,Yes,Yes,No,No,No
darwin,Plemyria_rubiginata,Yes,Yes,No,No,No,No
darwin,Ptychoptera_contaminata,No,No,Yes,No,No,No
darwin,Denticollis_linearis,Yes,Yes,Yes,No,No,No
darwin,Ennomos_fuscantarius,Yes,Yes,Yes,No,No,Yes
darwin,Sympetrum_striolatum,Yes,Yes,No,No,No,Yes
darwin,Nomada_fabriciana,Yes,Yes,Yes,No,No,Yes
darwin,Thecocarcelia_acutangulata,Yes,Yes,Yes,No,No,Yes
darwin,Acleris_cristana,Yes,No,Yes,No,No,No
darwin,Nemoura_dubitans,Yes,Yes,Yes,No,No,Yes
darwin,Epicampocera_succincta,Yes,Yes,Yes,No,No,No
darwin,Ecdyonurus_torrentis,Yes,Yes,Yes,No,No,Yes
darwin,Nemurella_pictetii,Yes,Yes,Yes,No,No,Yes
darwin,Meganola_albula,Yes,Yes,Yes,No,No,Yes
darwin,Anomoia_purmunda,Yes,Yes,No,No,No,Yes
darwin,Melanostoma_scalare,Yes,Yes,No,No,No,Yes
darwin,Roeseliana_roeselii,Yes,Yes,Yes,No,No,No
darwin,Tytthaspis_sedecimpunctata,No,Yes,No,No,No,No
darwin,Anatis_ocellata,Yes,Yes,No,No,No,No
darwin,Nola_cucullatella,Yes,Yes,No,No,No,No
darwin,Agriphila_geniculea,Yes,Yes,Yes,No,No,Yes
darwin,Epagoge_grotiana,Yes,Yes,No,No,No,Yes
darwin,Agriphila_straminella,Yes,Yes,No,No,No,Yes
darwin,Criorhina_berberina,Yes,Yes,Yes,No,No,Yes
darwin,Melitaea_cinxia,Yes,Yes,Yes,No,No,Yes
darwin,Spilosoma_lubricipeda,Yes,Yes,Yes,No,No,Yes
darwin,Habrophlebia_fusca,No,No,Yes,No,No,No
darwin,Deilephila_porcellus,Yes,Yes,Yes,No,No,Yes
darwin,Athripsodes_bilineatus,No,No,Yes,No,No,No
darwin,Erebia_aethiops,Yes,Yes,Yes,No,No,Yes
darwin,Barypeithes_pellucidus,No,No,Yes,No,No,No
darwin,Neocochylis_molliculana,Yes,No,No,No,No,Yes
darwin,Stenoptilia_pterodactyla,No,Yes,Yes,No,No,No
darwin,Physocephala_rufipes,Yes,Yes,Yes,No,No,Yes
darwin,Yponomeuta_plumbellus,Yes,No,No,No,No,Yes
darwin,Evergestis_limbata,Yes,Yes,Yes,No,No,No
darwin,Triodia_sylvina,Yes,Yes,No,No,Yes,No
darwin,Celastrina_argiolus,Yes,Yes,No,No,No,Yes
darwin,Helcystogramma_rufescens,No,Yes,No,No,No,No
darwin,Stenocorus_meridianus,No,No,Yes,No,No,No
darwin,Rhithrogena_germanica,Yes,No,No,No,No,Yes
darwin,Euclidia_mi,Yes,Yes,No,No,No,No
darwin,Xestia_sexstrigata,Yes,Yes,No,No,No,No
darwin,Chloromyia_formosa,Yes,Yes,Yes,No,No,No
darwin,Eristalinus_sepulchralis,Yes,No,Yes,No,No,Yes
darwin,Euclidia_glyphica,No,Yes,No,No,No,No
darwin,Tinea_semifulvella,Yes,Yes,Yes,No,No,Yes
darwin,Syritta_pipiens,Yes,Yes,No,No,Yes,Yes
darwin,Pammene_regiana,Yes,Yes,No,No,No,No
darwin,Hedya_salicella,Yes,Yes,Yes,No,No,Yes
darwin,Baetis_rhodani,No,Yes,Yes,No,No,No
darwin,Pandemis_cerasana,No,Yes,Yes,No,No,No
darwin,Brachyptera_risi,Yes,Yes,Yes,No,No,No
darwin,Chloroperla_tripunctata,Yes,No,Yes,No,No,No
darwin,Adalia_bipunctata,Yes,Yes,Yes,No,No,Yes
darwin,Eupsilia_transversa,Yes,Yes,Yes,No,No,Yes
darwin,Anopheles_coluzzii,No,No,No,No,No,No
darwin,Tabanus_bromius,Yes,Yes,Yes,No,No,No
darwin,Meconema_thalassinum,Yes,Yes,Yes,No,No,Yes
darwin,Lasioglossum_calceatum,Yes,No,Yes,No,No,Yes
darwin,Bombylius_major,Yes,Yes,Yes,No,No,Yes
darwin,Aricia_agestis,Yes,Yes,No,No,No,Yes
darwin,Watsonalla_cultraria,Yes,Yes,No,No,No,No
darwin,Rivula_sericealis,No,Yes,No,No,No,No
darwin,Noctua_pronuba,Yes,Yes,Yes,No,No,Yes
darwin,Leucozona_laternaria,Yes,Yes,No,No,No,No
darwin,Ferdinandea_cuprea,Yes,Yes,No,No,No,No
darwin,Thera_britannica,Yes,Yes,No,No,No,No
darwin,Empis_tessellata,No,Yes,No,No,No,No
darwin,Liopterus_haemorrhoidalis,No,No,Yes,No,No,No
darwin,Boloria_selene,Yes,Yes,Yes,No,No,Yes
darwin,Conistra_vaccinii,No,Yes,Yes,No,No,No
darwin,Cyclophora_punctaria,No,No,Yes,No,No,No
darwin,Brachycentrus_subnubilus,No,No,Yes,No,No,No
darwin,Athysanus_argentarius,No,Yes,Yes,No,No,No
darwin,Pararge_aegeria,Yes,Yes,No,No,No,Yes
darwin,Phycita_roborella,Yes,Yes,No,No,No,No
darwin,Phania_funesta,No,No,Yes,No,No,No
darwin,Apotomis_betuletana,Yes,Yes,Yes,No,No,Yes
darwin,Globia_sparganii,Yes,Yes,Yes,No,No,No
darwin,Chorthippus_brunneus,Yes,Yes,Yes,No,No,Yes
darwin,Melangyna_compositarum,No,Yes,Yes,No,No,No
darwin,Anabolia_nervosa,Yes,No,Yes,No,No,No
darwin,Pyrgus_malvae,Yes,Yes,Yes,No,Yes,Yes
darwin,Pandemis_corylana,Yes,Yes,No,No,No,Yes
darwin,Limnephilus_affinis,No,No,Yes,No,No,No
darwin,Chloroclystis_v-ata,Yes,Yes,No,No,No,Yes
darwin,Linnaemya_tessellans,Yes,Yes,Yes,No,No,No
darwin,Cydia_splendana,Yes,Yes,Yes,No,No,Yes
darwin,Aplocera_efformata,Yes,Yes,Yes,No,No,Yes
darwin,Prays_ruficeps,No,Yes,No,No,No,No
darwin,Batrachedra_praeangusta,Yes,Yes,No,No,No,Yes
darwin,Bombus_campestris,Yes,Yes,Yes,No,No,Yes
darwin,Plea_minutissima,Yes,Yes,Yes,No,No,No
darwin,Chironomus_plumosus,No,No,Yes,No,No,No
darwin,Hecatera_dysodea,Yes,Yes,Yes,No,No,Yes
darwin,Plagodis_dolabraria,No,Yes,Yes,No,No,No
darwin,Callomyia_amoena,Yes,Yes,No,No,No,Yes
darwin,Pterostoma_palpinum,No,Yes,No,No,No,No
darwin,Lasioglossum_leucozonium,Yes,Yes,No,No,No,Yes
darwin,Chilocorus_renipustulatus,Yes,Yes,Yes,No,No,Yes
darwin,Allophyes_oxyacanthae,Yes,No,Yes,No,No,Yes
darwin,Nebria_salina,Yes,Yes,Yes,No,No,Yes
darwin,Crocallis_elinguaria,Yes,Yes,Yes,No,No,Yes
darwin,Watsonalla_binaria,Yes,Yes,Yes,No,No,Yes
darwin,Odontocerum_albicorne,Yes,Yes,Yes,No,No,No
darwin,Hybos_femoratus,No,Yes,No,No,No,No
darwin,Drosophila_obscura,No,No,Yes,No,No,No
darwin,Boloria_euphrosyne,No,No,Yes,No,No,No
darwin,Coenonympha_pamphilus,No,Yes,No,No,Yes,No
darwin,Aphelocheirus_aestivalis,Yes,Yes,Yes,No,No,No
darwin,Operophtera_fagata,Yes,Yes,No,No,No,No
darwin,Nysson_spinosus,Yes,Yes,Yes,No,No,Yes
darwin,Udea_prunalis,Yes,Yes,No,No,No,Yes
darwin,Herminia_grisealis,Yes,Yes,No,No,No,No
darwin,Bombus_hypnorum,Yes,Yes,Yes,No,No,Yes
darwin,Melinopterus_prodromus,No,No,Yes,No,No,No
darwin,Ptychoptera_albimana,No,No,Yes,No,No,No
darwin,Eupeodes_corollae,Yes,Yes,Yes,No,No,Yes
darwin,Pseudoips_prasinana,Yes,Yes,No,No,No,No
darwin,Sesia_apiformis,Yes,Yes,Yes,No,No,Yes
darwin,Dasysyrphus_tricinctus,Yes,Yes,No,No,No,No
darwin,Sialis_lutaria,Yes,No,Yes,No,No,No
darwin,Drymus_ryeii,Yes,Yes,No,No,No,No
darwin,Chorthippus_parallelus,Yes,Yes,Yes,No,No,Yes
darwin,Nemophora_metallica,No,No,Yes,No,No,No
darwin,Cosmia_trapezina,Yes,Yes,No,No,No,Yes
darwin,Tiphia_femorata,Yes,No,Yes,No,No,Yes
darwin,Gastrophysa_viridula,Yes,Yes,Yes,No,No,No
darwin,Dolichovespula_sylvestris,Yes,Yes,Yes,No,No,Yes
darwin,Nowickia_ferox,Yes,No,Yes,No,No,Yes
darwin,Rhyacophila_dorsalis,No,Yes,No,No,No,No
darwin,Chrysotoxum_festivum,Yes,Yes,Yes,No,No,No
darwin,Tholera_decimalis,Yes,Yes,No,No,No,No
darwin,Chrysoperla_carnea,Yes,Yes,Yes,No,No,Yes
darwin,Spilarctia_lutea,Yes,Yes,Yes,No,No,Yes
darwin,Atethmia_centrago,Yes,Yes,Yes,No,No,Yes
darwin,Hygrotus_impressopunctatus,No,Yes,Yes,No,No,No
darwin,Glyphotaelius_pellucidus,Yes,No,Yes,No,No,Yes
darwin,Cantharis_rufa,Yes,Yes,Yes,No,No,No
darwin,Pentatoma_rufipes,Yes,No,No,No,No,No
darwin,Sinodendron_cylindricum,Yes,Yes,Yes,No,No,No
darwin,Neophilaenus_lineatus,No,No,Yes,No,No,No
darwin,Brachyptera_putata,Yes,Yes,No,No,No,No
darwin,Zeiraphera_isertana,Yes,Yes,No,No,No,Yes
darwin,Limnius_volckmari,No,No,Yes,No,No,No
darwin,Forficula_auricularia,Yes,Yes,Yes,No,No,No
darwin,Stauropus_fagi,No,Yes,Yes,No,No,No
darwin,Panorpa_germanica,No,Yes,No,No,No,No
darwin,Acupalpus_exiguus,No,No,Yes,No,No,No
darwin,Aeshna_mixta,Yes,Yes,Yes,No,No,No
darwin,Acrobasis_consociella,Yes,Yes,No,No,No,Yes
darwin,Kleidocerys_resedae,Yes,No,No,No,No,No
darwin,Melanomya_nana,No,Yes,No,No,No,No
darwin,Byturus_tomentosus,No,No,Yes,No,No,No
darwin,Tipula_luna,No,No,Yes,No,No,No
darwin,Terellia_serratulae,Yes,Yes,No,No,No,Yes
darwin,Agabus_bipustulatus,No,No,Yes,No,No,No
darwin,Lycopodium_clavatum,No,Yes,No,No,No,No
darwin,Equisetum_telmateia,Yes,Yes,No,No,No,No
darwin,Polypodium_vulgare,Yes,Yes,Yes,No,No,No
darwin,Adiantum_capillus-veneris,No,No,Yes,No,No,No
darwin,Asplenium_scolopendrium,Yes,Yes,No,No,No,No
darwin,Equisetum_hyemale,Yes,No,No,No,No,No
darwin,Equisetum_palustre,Yes,Yes,Yes,No,No,No
darwin,Equisetum_sylvaticum,No,No,Yes,No,No,No
darwin,Huperzia_selago,Yes,No,Yes,No,No,No
darwin,Equisetum_arvense,No,Yes,Yes,No,No,No
darwin,Sphagnum_inundatum,Yes,Yes,No,No,No,No
darwin,Thamnobryum_alopecurum,Yes,Yes,No,No,No,Yes
darwin,Rhytidiadelphus_loreus,Yes,Yes,Yes,No,No,Yes
darwin,Thuidium_delicatulum,Yes,Yes,No,No,No,Yes
darwin,Polytrichum_commune,Yes,Yes,No,No,No,No
darwin,Hylocomiadelphus_triquetrus,Yes,Yes,Yes,No,No,Yes
darwin,Neckera_pumila,Yes,Yes,No,No,No,No
darwin,Isothecium_myosuroides,Yes,Yes,No,No,No,No
darwin,Thuidium_tamariscinum,Yes,Yes,Yes,No,No,Yes
darwin,Lunularia_cruciata,Yes,Yes,Yes,No,No,No
darwin,Bugulina_stolonifera,Yes,Yes,Yes,No,No,Yes
darwin,Watersipora_subatra,Yes,No,No,No,No,No
darwin,Cryptosula_pallasiana,Yes,Yes,Yes,No,No,Yes
darwin,Lineus_longissimus,Yes,Yes,Yes,No,No,Yes
darwin,Bugula_neritina,Yes,Yes,Yes,No,No,No
darwin,Golfingia_elongata,No,Yes,No,No,No,No
darwin,Membranipora_membranacea,Yes,Yes,Yes,No,No,Yes
darwin,Scolelepis_squamata,No,Yes,No,No,No,No
darwin,Harmothoe_impar,Yes,No,Yes,No,No,Yes
darwin,Allolobophora_chlorotica,No,No,Yes,No,No,No
darwin,Eisenia_fetida,Yes,Yes,Yes,No,No,No
darwin,Nereis_pelagica,No,Yes,Yes,No,No,No
darwin,Aporrectodea_rosea,No,No,Yes,No,No,No
darwin,Alentia_gelatinosa,No,No,Yes,No,No,No
darwin,Alitta_virens,Yes,No,Yes,No,No,Yes
darwin,Terebella_lapidaria,Yes,Yes,No,No,No,No
darwin,Spirobranchus_triqueter,No,No,Yes,No,No,No
darwin,Arenicola_marina,No,No,Yes,No,No,No
darwin,Helobdella_stagnalis,Yes,Yes,No,No,No,No
darwin,Erpobdella_octoculata,No,Yes,Yes,No,No,No
darwin,Euclymene_oerstedii,Yes,No,No,No,No,No
darwin,Travisia_forbesii,No,Yes,Yes,No,No,No
darwin,Lepidonotus_clava,Yes,Yes,Yes,No,No,Yes
darwin,Nephtys_longosetosa,No,No,Yes,No,No,No
darwin,Lumbricus_rubellus,Yes,Yes,Yes,No,No,Yes
darwin,Glossiphonia_complanata,Yes,No,Yes,No,No,No
darwin,Spirobranchus_lamarcki,Yes,Yes,Yes,No,No,No
darwin,Octolasion_cyaneum,Yes,Yes,Yes,No,No,No
darwin,Goniada_maculata,Yes,Yes,No,No,No,No
darwin,Aporrectodea_caliginosa,Yes,Yes,Yes,No,No,No
darwin,Amphitritides_gracilis,No,No,Yes,No,No,No
darwin,Hediste_diversicolor,No,Yes,No,No,No,No
darwin,Lumbricus_castaneus,Yes,Yes,No,No,No,No
darwin,Lumbricus_terrestris,Yes,Yes,Yes,No,No,No
darwin,Piscicola_geometra,Yes,Yes,Yes,No,No,Yes
darwin,Sthenelais_limicola,Yes,Yes,Yes,No,No,Yes
darwin,Aporrectodea_longa,No,No,Yes,No,No,No
darwin,Phyllodoce_mucosa,No,No,Yes,No,No,No
darwin,Enchytraeus_crypticus,No,No,Yes,No,No,No
darwin,Eulalia_viridis,No,No,Yes,No,No,No
darwin,Geum_urbanum,Yes,Yes,Yes,No,No,Yes
darwin,Orobanche_minor,No,No,Yes,No,No,No
darwin,Linnaea_borealis,Yes,Yes,No,No,No,No
darwin,Ilex_aquifolium,Yes,Yes,No,No,No,No
darwin,Salix_reticulata,No,No,Yes,No,No,No
darwin,Pentaglottis_sempervirens,Yes,No,No,No,No,No
darwin,Filipendula_ulmaria,Yes,Yes,Yes,No,No,Yes
darwin,Valeriana_officinalis,No,No,Yes,No,No,No
darwin,Carpinus_betulus,Yes,No,No,No,No,No
darwin,Lonicera_periclymenum,No,No,Yes,No,No,No
darwin,Misopates_orontium,Yes,No,Yes,No,No,Yes
darwin,Scutellaria_minor,Yes,No,No,No,No,Yes
darwin,Polygala_vulgaris,No,No,Yes,No,No,No
darwin,Polygonum_aviculare,Yes,Yes,Yes,No,No,Yes
darwin,Nuphar_pumila,No,No,Yes,No,No,No
darwin,Ranunculus_bulbosus,Yes,No,No,No,No,No
darwin,Medicago_arabica,Yes,Yes,Yes,No,No,Yes
darwin,Buxus_sempervirens,Yes,No,Yes,No,No,Yes
darwin,Rhamnus_cathartica,Yes,No,No,No,No,No
darwin,Geranium_columbinum,No,No,Yes,No,No,No
darwin,Alchemilla_alpina,Yes,No,Yes,No,No,No
darwin,Bryonia_dioica,Yes,Yes,Yes,No,No,No
darwin,Teucrium_chamaedrys,No,No,Yes,No,No,No
darwin,Convolvulus_arvensis,Yes,Yes,Yes,No,No,Yes
darwin,Bellis_perennis,Yes,Yes,Yes,No,No,Yes
darwin,Chelidonium_majus,Yes,Yes,Yes,No,No,No
darwin,Populus_tremula,Yes,No,Yes,No,No,No
darwin,Coincya_wrightii,No,No,Yes,No,No,No
darwin,Cicerbita_muralis,Yes,Yes,No,No,No,No
darwin,Euphorbia_lathyris,Yes,Yes,No,No,No,Yes
darwin,Veronica_chamaedrys,Yes,Yes,Yes,No,No,No
darwin,Malus_domestica,Yes,Yes,Yes,No,No,Yes
darwin,Geum_rivale,Yes,No,Yes,No,No,No
darwin,Veronica_hederifolia,Yes,No,No,No,No,No
darwin,Astragalus_glycyphyllos,No,No,Yes,No,No,No
darwin,Pulicaria_dysenterica,Yes,Yes,Yes,No,No,Yes
darwin,Anthyllis_vulneraria,Yes,No,Yes,No,No,No
darwin,Lathraea_clandestina,Yes,No,No,No,No,No
darwin,Viscum_album,Yes,Yes,Yes,No,No,No
darwin,Kalmia_procumbens,No,No,Yes,No,No,No
darwin,Eryngium_campestre,No,No,Yes,No,No,No
darwin,Crataegus_monogyna,Yes,No,No,No,No,No
darwin,Geranium_dissectum,Yes,No,No,No,No,No
darwin,Oxyria_digyna,No,No,Yes,No,No,No
darwin,Campanula_rotundifolia,No,No,Yes,No,No,No
darwin,Myrica_gale,Yes,No,No,No,No,No
darwin,Tilia_cordata,No,No,Yes,No,No,No
darwin,Scrophularia_nodosa,Yes,No,No,No,No,No
darwin,Ailanthus_altissima,Yes,Yes,Yes,No,No,Yes
darwin,Melampyrum_pratense,Yes,No,Yes,No,No,No
darwin,Reynoutria_japonica,Yes,Yes,No,No,No,No
darwin,Lactuca_saligna,No,No,Yes,No,No,No
darwin,Malus_sylvestris,Yes,Yes,Yes,No,No,Yes
darwin,Cerastium_glomeratum,Yes,No,No,No,No,No
darwin,Arabidopsis_thaliana,Yes,Yes,Yes,No,No,Yes
darwin,Arctium_minus,Yes,Yes,Yes,No,No,No
darwin,Smyrnium_perfoliatum,Yes,No,No,No,No,No
darwin,Ballota_nigra,Yes,Yes,Yes,No,No,Yes
darwin,Alnus_glutinosa,Yes,Yes,Yes,No,No,Yes
darwin,Pyrus_cordata,No,No,Yes,No,No,No
darwin,Fagus_sylvatica,No,No,Yes,No,No,No
darwin,Euonymus_europaeus,Yes,No,Yes,No,No,Yes
darwin,Lysimachia_vulgaris,Yes,Yes,Yes,No,No,No
darwin,Solanum_dulcamara,Yes,Yes,Yes,No,No,Yes
darwin,Sorbus_aucuparia,No,Yes,Yes,No,No,No
darwin,Linum_bienne,No,No,Yes,No,No,No
darwin,Adoxa_moschatellina,Yes,Yes,No,No,No,No
darwin,Ononis_repens,No,Yes,No,No,No,No
darwin,Bistorta_vivipara,No,No,Yes,No,No,No
darwin,Acer_campestre,Yes,No,Yes,No,No,No
darwin,Malva_arborea,No,No,Yes,No,No,No
darwin,Ranunculus_acris,Yes,Yes,Yes,No,No,No
darwin,Viola_tricolor,No,No,Yes,No,No,No
darwin,Sambucus_nigra,Yes,Yes,No,No,No,No
darwin,Silene_acaulis,Yes,No,Yes,No,No,No
darwin,Nymphoides_peltata,Yes,Yes,No,No,No,No
darwin,Trollius_europaeus,Yes,Yes,No,No,No,No
darwin,Lythrum_salicaria,Yes,Yes,No,No,No,No
darwin,Menyanthes_trifoliata,No,No,Yes,No,No,No
darwin,Dianthus_deltoides,Yes,Yes,No,No,No,No
darwin,Dasiphora_fruticosa,Yes,No,Yes,No,No,No
darwin,Geranium_rotundifolium,No,No,Yes,No,No,No
darwin,Galium_aparine,Yes,No,No,No,No,No
darwin,Erica_ciliaris,No,No,Yes,No,No,No
darwin,Crataegus_laevigata,Yes,No,No,No,No,No
darwin,Ulex_europaeus,Yes,Yes,Yes,No,No,No
darwin,Knautia_arvensis,Yes,Yes,Yes,No,No,No
darwin,Tanacetum_vulgare,Yes,Yes,Yes,No,No,Yes
darwin,Silene_latifolia,Yes,No,No,No,No,No
darwin,Chaenorhinum_minus,Yes,Yes,Yes,No,No,No
darwin,Erodium_maritimum,Yes,Yes,No,No,No,No
darwin,Onobrychis_viciifolia,Yes,Yes,No,No,No,Yes
darwin,Hedera_helix,Yes,Yes,Yes,No,No,Yes
darwin,Hippophae_rhamnoides,Yes,Yes,No,No,No,Yes
darwin,Honckenya_peploides,Yes,Yes,Yes,No,No,Yes
darwin,Geranium_sylvaticum,Yes,No,Yes,No,No,No
darwin,Cakile_maritima,Yes,No,Yes,No,No,No
darwin,Lycopus_europaeus,Yes,Yes,Yes,No,No,Yes
darwin,Cichorium_intybus,No,No,Yes,No,No,No
darwin,Euphrasia_foulaensis,Yes,No,No,No,No,No
darwin,Silene_dioica,Yes,No,No,No,No,No
darwin,Papaver_somniferum,No,No,Yes,No,No,No
darwin,Sarracenia_purpurea,No,No,Yes,No,No,No
darwin,Plantago_lanceolata,Yes,No,Yes,No,No,No
darwin,Agrostemma_githago,No,No,Yes,No,No,No
darwin,Geranium_robertianum,Yes,No,Yes,No,No,No
darwin,Potentilla_anserina,Yes,Yes,Yes,No,No,Yes
darwin,Cruciata_laevipes,Yes,No,No,No,No,No
darwin,Mercurialis_perennis,Yes,No,No,No,No,No
darwin,Lamium_album,Yes,No,Yes,No,No,No
darwin,Buddleja_davidii,Yes,Yes,Yes,No,No,No
darwin,Helianthemum_apenninum,No,No,Yes,No,No,No
darwin,Clematis_vitalba,Yes,Yes,No,No,No,No
darwin,Hypericum_perforatum,Yes,No,No,No,No,No
darwin,Parietaria_judaica,Yes,Yes,No,No,No,Yes
darwin,Linaria_vulgaris,Yes,No,Yes,No,No,Yes
darwin,Scutellaria_galericulata,Yes,No,Yes,No,No,Yes
darwin,Chamaenerion_angustifolium,Yes,Yes,Yes,No,No,Yes
darwin,Fumaria_officinalis,Yes,Yes,Yes,No,No,Yes
darwin,Hippuris_vulgaris,Yes,No,Yes,No,No,No
darwin,Crithmum_maritimum,No,Yes,Yes,No,No,No
darwin,Sherardia_arvensis,Yes,No,No,No,No,No
darwin,Ligusticum_scoticum,Yes,No,Yes,No,No,No
darwin,Lotus_corniculatus,Yes,No,No,No,No,No
darwin,Papaver_dubium,Yes,Yes,Yes,No,No,No
darwin,Verbena_officinalis,Yes,Yes,Yes,No,No,No
darwin,Mercurialis_annua,Yes,Yes,Yes,No,No,Yes
darwin,Corylus_avellana,No,No,Yes,No,No,No
darwin,Stellaria_media,Yes,Yes,Yes,No,No,No
darwin,Lepidium_draba,Yes,No,No,No,No,No
darwin,Impatiens_glandulifera,Yes,Yes,Yes,No,No,No
darwin,Eupatorium_cannabinum,No,Yes,Yes,No,No,No
darwin,Stachys_palustris,Yes,Yes,Yes,No,No,Yes
darwin,Phyteuma_spicatum,No,No,Yes,No,No,No
darwin,Brassica_oleracea,Yes,Yes,Yes,No,No,No
darwin,Malva_moschata,No,No,Yes,No,No,No
darwin,Melampyrum_sylvaticum,No,Yes,No,No,No,No
darwin,Dryas_octopetala,No,No,Yes,No,No,No
darwin,Plantago_coronopus,Yes,No,No,No,No,No
darwin,Angelica_archangelica,Yes,No,Yes,No,No,No
darwin,Malus_x_robusta,No,No,No,No,No,No
darwin,Vicia_cracca,Yes,Yes,Yes,No,No,No
darwin,Lathyrus_linifolius,Yes,Yes,Yes,No,No,Yes
darwin,Suaeda_vera,Yes,No,No,No,No,Yes
darwin,Brassica_nigra,No,No,Yes,No,No,No
darwin,Viburnum_lantana,Yes,No,No,No,No,No
darwin,Impatiens_noli-tangere,Yes,No,Yes,No,No,No
darwin,Viola_riviniana,No,No,Yes,No,No,No
darwin,Anthriscus_sylvestris,Yes,No,Yes,No,No,No
darwin,Atropa_belladonna,Yes,Yes,No,No,No,No
darwin,Trifolium_pratense,Yes,No,No,No,No,No
darwin,Ribes_rubrum,No,No,Yes,No,No,No
darwin,Chenopodium_album,No,No,Yes,No,No,No
darwin,Ulmus_minor,No,No,Yes,No,No,No
darwin,Ligustrum_vulgare,Yes,Yes,No,No,No,No
darwin,Anagallis_arvensis,No,No,Yes,No,No,No
darwin,Lathraea_squamaria,Yes,No,No,No,No,No
darwin,Kickxia_elatine,No,No,Yes,No,No,No
darwin,Digitalis_purpurea,No,No,Yes,No,No,No
darwin,Fallopia_convolvulus,No,Yes,Yes,No,No,No
darwin,Senecio_vulgaris,Yes,No,No,No,No,No
darwin,Euphorbia_amygdaloides,Yes,No,No,No,No,No
darwin,Veronica_spicata,Yes,No,Yes,No,No,No
darwin,Quercus_robur,Yes,Yes,Yes,No,No,Yes
darwin,Urtica_urens,Yes,Yes,Yes,No,No,Yes
darwin,Vaccinium_uliginosum,No,No,Yes,No,No,No
darwin,Ulex_minor,No,No,Yes,No,No,No
darwin,Vicia_sativa,Yes,No,No,No,No,No
darwin,Calystegia_sepium,Yes,Yes,No,No,No,No
darwin,Rumex_acetosa,No,No,Yes,No,No,No
darwin,Reseda_luteola,No,No,Yes,No,No,No
darwin,Anemone_pulsatilla,Yes,Yes,No,No,No,No
darwin,Chamaemelum_nobile,Yes,Yes,Yes,No,No,No
darwin,Scabiosa_columbaria,No,No,Yes,No,No,No
darwin,Persicaria_maculosa,Yes,Yes,Yes,No,No,No
darwin,Arctostaphylos_uva-ursi,Yes,No,Yes,No,No,No
darwin,Erodium_moschatum,Yes,No,No,No,No,No
darwin,Berberis_aquifolium,Yes,No,No,No,No,No
darwin,Orobanche_hederae,Yes,Yes,No,No,No,No
darwin,Vaccinium_vitis-idaea,No,No,Yes,No,No,No
darwin,Viola_odorata,No,No,Yes,No,No,No
darwin,Thymus_serpyllum,Yes,Yes,No,No,No,No
darwin,Cornus_suecica,Yes,No,Yes,No,No,No
darwin,Salvia_verbenaca,Yes,No,No,No,No,No
darwin,Euphorbia_peplus,Yes,Yes,Yes,No,No,Yes
darwin,Montia_fontana,No,No,Yes,No,No,No
darwin,Alchemilla_arvensis,Yes,No,No,No,No,No
darwin,Lamium_purpureum,Yes,No,No,No,No,No
darwin,Geranium_lucidum,Yes,No,No,No,No,No
darwin,Borago_officinalis,Yes,Yes,No,No,No,No
darwin,Rumex_sanguineus,Yes,Yes,No,No,No,Yes
darwin,Betula_pubescens,Yes,No,Yes,No,No,No
darwin,Tussilago_farfara,Yes,No,No,No,No,No
darwin,Humulus_lupulus,Yes,Yes,Yes,No,No,No
darwin,Cerastium_fontanum,Yes,No,Yes,No,No,No
darwin,Limonium_binervosum,No,No,Yes,No,No,No
darwin,Urtica_dioica,Yes,No,No,No,No,Yes
darwin,Rumex_hydrolapathum,Yes,Yes,Yes,No,No,No
darwin,Salix_herbacea,No,No,Yes,No,No,No
darwin,Lithobius_forficatus,Yes,No,Yes,No,No,No
darwin,Zygiella_x-notata,Yes,Yes,Yes,No,No,No
darwin,Ophyiulus_pilosus,No,No,Yes,No,No,No
darwin,Porcellio_scaber,No,Yes,No,No,No,No
darwin,Anyphaena_numida,No,No,Yes,No,No,No
darwin,Corophium_volutator,No,No,Yes,No,No,No
darwin,Xantho_hydrophilus,Yes,Yes,Yes,No,No,No
darwin,Xantho_pilipes,No,No,Yes,No,No,No
darwin,Enoplognatha_latimana,Yes,Yes,Yes,No,No,No
darwin,Dysdera_crocata,Yes,Yes,No,No,No,No
darwin,Pardosa_saltans,Yes,Yes,No,No,No,No
darwin,Cancer_pagurus,Yes,Yes,Yes,No,No,No
darwin,Alopecosa_pulverulenta,Yes,Yes,Yes,No,No,No
darwin,Dolomedes_fimbriatus,Yes,Yes,No,No,No,No
darwin,Porcellana_platycheles,Yes,No,Yes,No,No,No
darwin,Palaemon_serratus,No,No,Yes,No,No,No
darwin,Amaurobius_similis,Yes,Yes,No,No,No,No
darwin,Sacculina_carcini,Yes,Yes,Yes,No,No,Yes
darwin,Scytodes_thoracica,Yes,No,No,No,No,No
darwin,Eratigena_duellica,No,No,Yes,No,No,No
darwin,Pisaura_mirabilis,Yes,Yes,No,No,No,No
darwin,Macropodia_tenuirostris,No,No,Yes,No,No,No
darwin,Herpetocypris_reptans,No,Yes,No,No,No,No
darwin,Eratigena_saeva,No,No,Yes,No,No,No
darwin,Atypus_affinis,Yes,No,Yes,No,No,Yes
darwin,Dikerogammarus_villosus,No,Yes,Yes,No,No,No
darwin,Diaea_dorsata,No,Yes,No,No,No,No
darwin,Uloborus_plumipes,Yes,No,No,No,No,No
darwin,Chthamalus_montagui,No,Yes,No,No,No,No
darwin,Dicyrtomina_minuta,No,No,Yes,No,No,No
darwin,Linyphia_triangularis,Yes,Yes,No,No,No,No
darwin,Allacma_fusca,No,No,Yes,No,No,No
darwin,Pholcus_phalangioides,Yes,Yes,No,No,No,No
darwin,Metellina_segmentata,Yes,No,Yes,No,No,No
darwin,Tibellus_oblongus,Yes,Yes,No,No,No,No
darwin,Crangonyx_pseudogracilis,Yes,Yes,No,No,No,No
darwin,Dolomedes_plantarius,Yes,Yes,No,No,No,No
darwin,Euscorpius_flavicaudis,Yes,Yes,Yes,No,No,No
darwin,Hippolyte_varians,No,No,Yes,No,No,No
darwin,Zelotes_latreillei,Yes,Yes,No,No,No,No
darwin,Lithobius_variegatus,Yes,Yes,No,No,No,No
darwin,Chelura_terebrans,Yes,No,Yes,No,No,No
darwin,Clubiona_reclusa,Yes,Yes,Yes,No,No,No
darwin,Perforatus_perforatus,Yes,No,No,No,No,No
darwin,Eratigena_atrica,Yes,Yes,Yes,No,No,No
darwin,Chthamalus_stellatus,No,Yes,No,No,No,No
darwin,Philoscia_muscorum,Yes,Yes,Yes,No,No,No
darwin,Necora_puber,No,No,Yes,No,No,No
darwin,Cylindroiulus_punctatus,No,No,Yes,No,No,No
darwin,Clubiona_terrestris,Yes,Yes,No,No,No,No
darwin,Xysticus_cristatus,Yes,Yes,No,No,No,No
darwin,Segestria_senoculata,Yes,Yes,No,No,No,No
darwin,Galathea_squamifera,No,No,Yes,No,No,No
darwin,Clibanarius_erythropus,No,No,Yes,No,No,No
darwin,Cylindroiulus_britannicus,No,No,Yes,No,No,No
darwin,Tachypodoiulus_niger,No,No,Yes,No,No,No
darwin,Idotea_granulosa,Yes,Yes,Yes,No,No,No
darwin,Meta_bourneti,Yes,Yes,Yes,No,No,Yes
darwin,Lithobius_melanops,Yes,Yes,Yes,No,No,No
darwin,Clistosaccus_paguri,Yes,Yes,Yes,No,No,No
darwin,Lepeophtheirus_nordmannii,No,No,No,No,No,No
darwin,Oritoniscus_flavus,No,No,Yes,No,No,No
darwin,Nanogona_polydesmoides,No,No,Yes,No,No,No
darwin,Cymodoce_truncata,No,No,Yes,No,No,No
darwin,Armadillidium_vulgare,No,No,No,No,No,No
darwin,Ommatoiulus_sabulosus,No,No,Yes,No,No,No
darwin,Pagurus_prideaux,No,No,Yes,No,No,No
darwin,Oniscus_asellus,Yes,Yes,Yes,No,No,No
darwin,Pisidia_longicornis,Yes,Yes,Yes,No,No,No
darwin,Semibalanus_balanoides,Yes,Yes,Yes,No,No,No
darwin,Pagurus_bernhardus,Yes,Yes,Yes,No,No,No
darwin,Arcitalitrus_sylvaticus,No,No,Yes,No,No,No
darwin,Glomeris_marginata,Yes,Yes,No,No,No,No
darwin,Gammarus_pulex,No,No,Yes,No,No,No
darwin,Zoropsis_spinimana,Yes,Yes,No,No,No,No
darwin,Agelena_labyrinthica,No,Yes,Yes,No,No,No
darwin,Amaurobius_ferox,Yes,Yes,No,No,No,Yes
darwin,Marinogammarus_marinus,No,No,Yes,No,No,No
darwin,Araneus_diadematus,Yes,Yes,No,No,No,No
darwin,Asellus_aquaticus,Yes,Yes,Yes,No,No,No
darwin,Steatoda_bipunctata,Yes,Yes,Yes,No,No,No
darwin,Odiellus_spinosus,Yes,No,No,No,No,No
darwin,Stigmatogaster_subterranea,Yes,Yes,Yes,No,No,No
darwin,Accipiter_gentilis,Yes,Yes,Yes,No,No,Yes
darwin,Fringilla_coelebs,No,No,Yes,No,No,No
darwin,Calonectris_borealis,Yes,No,Yes,No,No,No
darwin,Phaethon_aethereus,Yes,Yes,Yes,No,No,No
darwin,Streptopelia_turtur,Yes,Yes,No,No,No,No
darwin,Erithacus_rubecula,Yes,Yes,No,Yes,No,No
darwin,Caprimulgus_europaeus,Yes,Yes,Yes,No,No,No
darwin,Cinclus_cinclus,No,No,Yes,No,No,No
darwin,Aquila_chrysaetos_chrysaetos,Yes,Yes,No,Yes,No,No
darwin,Sorex_araneus,Yes,Yes,Yes,No,No,No
darwin,Lutra_lutra,Yes,Yes,No,No,No,No
darwin,Orcinus_orca,Yes,No,No,No,No,Yes
darwin,Apodemus_flavicollis,Yes,Yes,No,No,No,No
darwin,Sciurus_carolinensis,Yes,Yes,No,Yes,No,No
darwin,Castor_fiber,No,No,Yes,No,No,No
darwin,Arvicola_amphibius,Yes,Yes,No,Yes,No,No
darwin,Sciurus_vulgaris,Yes,Yes,No,No,No,No
darwin,Cervus_elaphus,Yes,Yes,Yes,No,No,Yes
darwin,Meles_meles,Yes,Yes,Yes,No,No,Yes
darwin,Canis_lupus,Yes,Yes,No,Yes,No,Yes
darwin,Rattus_norvegicus,Yes,Yes,Yes,No,No,No
darwin,Apodemus_sylvaticus,Yes,Yes,Yes,No,No,No
darwin,Pipistrellus_pipistrellus,Yes,Yes,No,Yes,No,No
darwin,Myodes_glareolus,Yes,Yes,Yes,No,No,No
darwin,Rana_temporaria,Yes,Yes,No,Yes,No,No
darwin,Bufo_bufo,Yes,Yes,No,Yes,No,No
